distance_observed,specter2_title_portfolio_distance,permuted_other_portfolio_median_distance,own_portfolio_closer_than_permuted_median
True,0.0825117826461792,0.11777648329734802,True
True,0.1294710636138916,0.13595086336135864,True
True,0.18754887580871582,0.11024969816207886,False
True,0.08022856712341309,0.09717831015586853,True
True,0.04439723491668701,0.10541629791259766,True
True,0.08617854118347168,0.10569465160369873,True
True,0.07493799924850464,0.10959720611572266,True
True,0.11487913131713867,0.10247313976287842,False
True,0.09243965148925781,0.10198253393173218,True
True,0.09625864028930664,0.1191970705986023,True
True,0.030496954917907715,0.09654736518859863,True
True,0.08720993995666504,0.10554289817810059,True
True,0.020253300666809082,0.10847902297973633,True
True,0.10244119167327881,0.1007460355758667,False
True,0.12676411867141724,0.10655540227890015,False
True,0.06594187021255493,0.10633236169815063,True
True,0.0625615119934082,0.09273886680603027,True
True,0.0,0.1017071008682251,True
True,0.2345510721206665,0.10204139351844788,False
True,0.05464261770248413,0.10380399227142334,True
True,0.04804503917694092,0.10241135954856873,True
True,0.12089061737060547,0.1370002031326294,True
True,0.06505757570266724,0.1288377046585083,True
True,0.0631411075592041,0.12078297138214111,True
True,0.0,0.10650160908699036,True
True,0.0,0.11885839700698853,True
True,0.09134155511856079,0.1281064748764038,True
True,0.06639659404754639,0.11094927787780762,True
True,0.09455299377441406,0.12343978881835938,True
True,0.10006970167160034,0.14117032289505005,True
True,0.11004096269607544,0.13749092817306519,True
True,0.1713320016860962,0.13232755661010742,False
True,0.04866594076156616,0.10695463418960571,True
True,0.0969858169555664,0.09187644720077515,False
True,0.09242784976959229,0.117102712392807,True
True,0.1256386637687683,0.14113664627075195,True
True,0.21637260913848877,0.10653707385063171,False
True,0.004236876964569092,0.10316061973571777,True
True,0.0807110071182251,0.12932169437408447,True
True,0.1494886875152588,0.11601805686950684,False
True,0.1329016089439392,0.1277732253074646,False
True,0.0,0.11175727844238281,True
True,0.1137702465057373,0.10647851228713989,False
True,0.13446199893951416,0.106711745262146,False
True,0.1500912308692932,0.11267948150634766,False
True,0.03990530967712402,0.12453359365463257,True
True,0.02760225534439087,0.11803677678108215,True
True,0.06506723165512085,0.10573136806488037,True
True,0.10652798414230347,0.1175931990146637,True
True,0.07276523113250732,0.11344736814498901,True
True,0.04449033737182617,0.13665252923965454,True
True,0.10436099767684937,0.10324519872665405,False
True,0.10722947120666504,0.10177361965179443,False
True,0.15381717681884766,0.10907787084579468,False
True,0.11285841464996338,0.09694656729698181,False
True,0.12283909320831299,0.135583758354187,True
True,0.09038543701171875,0.11480611562728882,True
True,0.05299276113510132,0.11432245373725891,True
True,0.09702098369598389,0.09353280067443848,False
True,0.11660468578338623,0.12347924709320068,True
True,0.08205687999725342,0.17051827907562256,True
True,0.11650264263153076,0.10551178455352783,False
True,0.05465400218963623,0.13564684987068176,True
True,0.09413349628448486,0.11337423324584961,True
True,0.12124794721603394,0.11989378929138184,False
True,0.0762413740158081,0.1229926347732544,True
True,0.11658406257629395,0.12142759561538696,True
True,0.08825427293777466,0.13344621658325195,True
True,0.11670982837677002,0.10992759466171265,False
True,0.07779645919799805,0.10219067335128784,True
True,0.0910751223564148,0.1066446304321289,True
True,0.13027644157409668,0.10053443908691406,False
True,0.07126140594482422,0.11256712675094604,True
True,0.09215807914733887,0.12478363513946533,True
True,0.12501579523086548,0.11890524625778198,False
True,0.08921706676483154,0.09657993912696838,True
True,0.12974917888641357,0.1294291615486145,False
True,0.10074114799499512,0.10133817791938782,True
True,0.065926194190979,0.11341232061386108,True
True,0.09821808338165283,0.10058760643005371,True
True,0.1300257444381714,0.1266130805015564,False
True,0.049678683280944824,0.11559116840362549,True
True,0.04678380489349365,0.11302012205123901,True
True,0.08789891004562378,0.11746534705162048,True
True,0.07168179750442505,0.10099360346794128,True
True,0.07501751184463501,0.10172468423843384,True
True,0.0691826343536377,0.13837051391601562,True
True,0.10815584659576416,0.1435532569885254,True
True,0.08482998609542847,0.09698918461799622,True
True,0.10042566061019897,0.1175316572189331,True
True,0.12247836589813232,0.10751089453697205,False
True,0.03170090913772583,0.09113281965255737,True
True,0.07198238372802734,0.10912668704986572,True
True,0.05556154251098633,0.12537652254104614,True
True,0.0068624019622802734,0.14068233966827393,True
True,0.1754140853881836,0.134893000125885,False
True,0.07005822658538818,0.09526717662811279,True
True,0.07087528705596924,0.09904229640960693,True
True,0.10015630722045898,0.11433964967727661,True
True,0.10527807474136353,0.13142764568328857,True
True,0.09545391798019409,0.11077803373336792,True
True,0.04675126075744629,0.0986894965171814,True
True,0.11494481563568115,0.13505291938781738,True
True,0.06493353843688965,0.1309194266796112,True
True,0.09010076522827148,0.10941290855407715,True
True,0.08845764398574829,0.1069546639919281,True
True,0.050351738929748535,0.14606738090515137,True
True,0.1125180721282959,0.13856184482574463,True
True,0.04191380739212036,0.09475111961364746,True
True,0.11702299118041992,0.09549278020858765,False
True,0.11230194568634033,0.09874504804611206,False
True,0.10094308853149414,0.11953186988830566,True
True,0.024936258792877197,0.10624909400939941,True
True,0.06864696741104126,0.1245986819267273,True
True,0.1953909993171692,0.11537516117095947,False
True,0.03320246934890747,0.09776115417480469,True
True,0.07106918096542358,0.09102204442024231,True
True,0.034478187561035156,0.15167295932769775,True
True,0.07446247339248657,0.09837839007377625,True
True,0.08225405216217041,0.12246546149253845,True
True,0.10634326934814453,0.10303935408592224,False
True,0.07819277048110962,0.08979147672653198,True
True,0.12033194303512573,0.08233076333999634,False
True,0.13386118412017822,0.11354917287826538,False
True,0.13944774866104126,0.1259291172027588,False
True,0.1252373456954956,0.09717053174972534,False
True,0.15398001670837402,0.11683142185211182,False
True,0.07853025197982788,0.10697484016418457,True
True,0.10275423526763916,0.09184414148330688,False
True,0.05935227870941162,0.11003509163856506,True
True,0.09600353240966797,0.11259287595748901,True
True,0.12267768383026123,0.11222392320632935,False
True,0.10020673274993896,0.12297481298446655,True
True,0.044197916984558105,0.1002943217754364,True
True,0.06727725267410278,0.13049954175949097,True
True,0.07970619201660156,0.1057237982749939,True
True,0.0664517879486084,0.1298789381980896,True
True,0.11692619323730469,0.0966486930847168,False
True,0.0850326418876648,0.09913372993469238,True
True,0.07835948467254639,0.13075771927833557,True
True,0.07627266645431519,0.11897844076156616,True
True,0.07059723138809204,0.1211385726928711,True
True,0.13692140579223633,0.13545221090316772,False
True,0.16417968273162842,0.12912225723266602,False
True,0.17306804656982422,0.15184056758880615,False
True,0.07147198915481567,0.1131088137626648,True
True,0.16260254383087158,0.10279366374015808,False
True,0.1400771141052246,0.12203431129455566,False
True,0.08708333969116211,0.12313789129257202,True
True,0.06115317344665527,0.09191393852233887,True
True,0.07724428176879883,0.10967016220092773,True
True,0.13490772247314453,0.11076760292053223,False
True,0.12960433959960938,0.14136219024658203,True
True,0.13256961107254028,0.11886084079742432,False
True,0.052090227603912354,0.11427062749862671,True
True,0.06500136852264404,0.10312354564666748,True
True,0.1648637056350708,0.13341963291168213,False
True,0.09543704986572266,0.11321491003036499,True
True,0.09089785814285278,0.1000051498413086,True
True,0.1328917145729065,0.11868461966514587,False
True,0.05644017457962036,0.11645913124084473,True
True,0.10526394844055176,0.14004987478256226,True
True,0.09148937463760376,0.11632940173149109,True
True,0.08685052394866943,0.12506473064422607,True
True,0.08704888820648193,0.11565962433815002,True
True,0.05588650703430176,0.09358397126197815,True
True,0.15569275617599487,0.09892880916595459,False
True,0.10134261846542358,0.11001649498939514,True
True,0.12127810716629028,0.14261355996131897,True
True,0.036291539669036865,0.10913947224617004,True
True,0.12147456407546997,0.11407577991485596,False
True,0.07358860969543457,0.11833834648132324,True
True,0.0518190860748291,0.11663004755973816,True
True,0.053970158100128174,0.14542704820632935,True
True,0.06561338901519775,0.11403405666351318,True
True,0.05147504806518555,0.10027265548706055,True
True,0.052576661109924316,0.12355649471282959,True
True,0.03694117069244385,0.12821540236473083,True
True,0.015877485275268555,0.1020352840423584,True
True,0.10579806566238403,0.11287525296211243,True
True,0.0818338394165039,0.12306869029998779,True
True,0.10017776489257812,0.0940437912940979,False
True,0.09625393152236938,0.10572406649589539,True
True,0.09997224807739258,0.12899047136306763,True
True,0.09263992309570312,0.12065255641937256,True
True,0.13639074563980103,0.1350744366645813,False
True,0.1857212781906128,0.13374218344688416,False
True,0.0832972526550293,0.12555915117263794,True
True,0.1313067078590393,0.12900269031524658,False
True,0.15508371591567993,0.12606805562973022,False
True,0.06739938259124756,0.11723148822784424,True
True,0.18209224939346313,0.10832101106643677,False
True,0.08330178260803223,0.1165226399898529,True
True,0.024047493934631348,0.11339879035949707,True
True,0.0771627426147461,0.13270828127861023,True
True,0.07721102237701416,0.10932868719100952,True
True,0.06299996376037598,0.09391099214553833,True
True,0.09842503070831299,0.11113119125366211,True
True,0.081196129322052,0.12438797950744629,True
True,0.07659745216369629,0.12099534273147583,True
True,0.06267887353897095,0.10526832938194275,True
True,0.09904789924621582,0.12090665102005005,True
True,0.07653158903121948,0.13298141956329346,True
True,0.06515955924987793,0.10429185628890991,True
True,0.08841776847839355,0.1460707187652588,True
True,0.052573978900909424,0.10853815078735352,True
True,0.10637807846069336,0.09413346648216248,False
True,0.06744873523712158,0.09700143337249756,True
True,0.10006964206695557,0.1048957109451294,True
True,0.11691880226135254,0.11084172129631042,False
True,0.09137403964996338,0.08754989504814148,False
True,0.0,0.13605231046676636,True
True,0.11125314235687256,0.10077273845672607,False
True,0.1195942759513855,0.1334162950515747,True
True,0.09595060348510742,0.09416353702545166,False
True,0.09123367071151733,0.10051906108856201,True
True,0.10441404581069946,0.11540883779525757,True
True,0.09344476461410522,0.10713869333267212,True
True,0.06682956218719482,0.10762357711791992,True
True,0.06041526794433594,0.12874293327331543,True
True,0.06682050228118896,0.10667547583580017,True
True,0.075752854347229,0.10620573163032532,True
True,0.11764800548553467,0.14308077096939087,True
True,0.13058817386627197,0.09161251783370972,False
True,0.06519186496734619,0.12432444095611572,True
True,0.06516075134277344,0.13947057723999023,True
True,0.14576780796051025,0.1361139416694641,False
True,0.047901153564453125,0.12319755554199219,True
True,0.18578529357910156,0.11730456352233887,False
True,0.0761839747428894,0.10127371549606323,True
True,0.0803595781326294,0.12778866291046143,True
True,0.08140850067138672,0.13872599601745605,True
True,0.07880902290344238,0.11994791030883789,True
True,0.07161039113998413,0.1039806604385376,True
True,0.12109214067459106,0.16225245594978333,True
True,0.08515143394470215,0.10280179977416992,True
True,0.11930084228515625,0.10471761226654053,False
True,0.08924561738967896,0.11321604251861572,True
True,0.06678831577301025,0.13789531588554382,True
True,0.07516121864318848,0.1529015600681305,True
True,0.05301094055175781,0.10248851776123047,True
True,0.045130372047424316,0.10153278708457947,True
True,0.0908779501914978,0.12306714057922363,True
True,0.0798332691192627,0.11120736598968506,True
True,0.08545124530792236,0.14349594712257385,True
True,0.052720606327056885,0.1262032687664032,True
True,0.09083884954452515,0.10472115874290466,True
True,0.13863146305084229,0.11606743931770325,False
True,0.08187001943588257,0.09635180234909058,True
