year,country_mapping,country_code,full,fractional
2018,conservative,AT,7.0,6.5
2018,conservative,AU,19.0,18.0
2018,conservative,BE,4.0,4.0
2018,conservative,BR,4.0,4.0
2018,conservative,CA,89.0,84.5
2018,conservative,CH,51.0,48.5
2018,conservative,CL,2.0,2.0
2018,conservative,CN,109.0,103.5
2018,conservative,DE,54.0,48.5
2018,conservative,DK,6.0,6.0
2018,conservative,ES,5.0,5.0
2018,conservative,FI,3.0,3.0
2018,conservative,FR,56.0,55.5
2018,conservative,GB,108.0,103.0
2018,conservative,GR,1.0,1.0
2018,conservative,HK,19.0,18.5
2018,conservative,IL,34.0,34.0
2018,conservative,IN,12.0,12.0
2018,conservative,IR,1.0,1.0
2018,conservative,IT,23.0,22.0
2018,conservative,JP,29.0,29.0
2018,conservative,KR,27.0,27.0
2018,conservative,MY,1.0,1.0
2018,conservative,NL,8.0,7.5
2018,conservative,NO,1.0,1.0
2018,conservative,PK,1.0,1.0
2018,conservative,PL,2.0,2.0
2018,conservative,RO,1.0,1.0
2018,conservative,RU,10.0,9.0
2018,conservative,SA,2.0,1.5
2018,conservative,SE,8.0,8.0
2018,conservative,SG,17.0,16.5
2018,conservative,TH,1.0,1.0
2018,conservative,TR,1.0,1.0
2018,conservative,TW,2.0,2.0
2018,conservative,US,750.0,744.0
2018,conservative,ZA,2.0,2.0
2018,sensitivity,AT,7.0,6.5
2018,sensitivity,AU,20.0,19.0
2018,sensitivity,BE,4.0,4.0
2018,sensitivity,BR,4.0,4.0
2018,sensitivity,CA,98.0,93.5
2018,sensitivity,CH,51.0,48.5
2018,sensitivity,CL,2.0,2.0
2018,sensitivity,CN,114.0,108.5
2018,sensitivity,DE,54.0,48.5
2018,sensitivity,DK,6.0,6.0
2018,sensitivity,ES,6.0,6.0
2018,sensitivity,FI,3.0,3.0
2018,sensitivity,FR,57.0,56.5
2018,sensitivity,GB,115.0,110.0
2018,sensitivity,GR,1.0,1.0
2018,sensitivity,HK,19.0,18.5
2018,sensitivity,IL,35.0,35.0
2018,sensitivity,IN,13.0,13.0
2018,sensitivity,IR,1.0,1.0
2018,sensitivity,IT,23.0,22.0
2018,sensitivity,JP,30.0,30.0
2018,sensitivity,KR,28.0,28.0
2018,sensitivity,MY,1.0,1.0
2018,sensitivity,NL,8.0,7.5
2018,sensitivity,NO,1.0,1.0
2018,sensitivity,PK,1.0,1.0
2018,sensitivity,PL,3.0,3.0
2018,sensitivity,RO,1.0,1.0
2018,sensitivity,RU,10.0,9.0
2018,sensitivity,SA,2.0,1.5
2018,sensitivity,SE,8.0,8.0
2018,sensitivity,SG,17.0,16.5
2018,sensitivity,TH,1.0,1.0
2018,sensitivity,TR,1.0,1.0
2018,sensitivity,TW,3.0,3.0
2018,sensitivity,US,781.0,775.0
2018,sensitivity,ZA,2.0,2.0
2019,conservative,AE,3.0,2.5
2019,conservative,AT,7.0,7.0
2019,conservative,AU,31.0,28.5
2019,conservative,BE,10.0,9.0
2019,conservative,CA,129.0,123.0
2019,conservative,CH,62.0,62.0
2019,conservative,CL,1.0,1.0
2019,conservative,CN,152.0,148.0
2019,conservative,CZ,1.0,1.0
2019,conservative,DE,59.0,57.5
2019,conservative,DK,10.0,10.0
2019,conservative,EE,1.0,1.0
2019,conservative,ES,3.0,2.5
2019,conservative,FI,11.0,10.0
2019,conservative,FR,91.0,88.5
2019,conservative,GB,152.0,147.0
2019,conservative,GR,1.0,1.0
2019,conservative,HK,21.0,20.0
2019,conservative,IE,3.0,3.0
2019,conservative,IL,47.0,47.0
2019,conservative,IN,16.0,16.0
2019,conservative,IR,3.0,3.0
2019,conservative,IT,14.0,13.0
2019,conservative,JE,1.0,1.0
2019,conservative,JP,37.0,36.5
2019,conservative,KR,38.0,37.5
2019,conservative,LB,1.0,1.0
2019,conservative,LK,1.0,1.0
2019,conservative,LV,1.0,1.0
2019,conservative,NL,17.0,16.5
2019,conservative,NO,2.0,2.0
2019,conservative,PL,2.0,2.0
2019,conservative,PT,1.0,0.5
2019,conservative,RO,1.0,1.0
2019,conservative,RU,10.0,9.0
2019,conservative,SA,4.0,4.0
2019,conservative,SE,10.0,10.0
2019,conservative,SG,19.0,18.5
2019,conservative,TR,2.0,2.0
2019,conservative,TW,6.0,5.0
2019,conservative,US,945.0,939.0
2019,conservative,ZA,1.0,1.0
2019,sensitivity,AE,3.0,2.5
2019,sensitivity,AT,7.0,7.0
2019,sensitivity,AU,32.0,29.5
2019,sensitivity,BE,10.0,9.0
2019,sensitivity,CA,148.0,142.0
2019,sensitivity,CH,63.0,63.0
2019,sensitivity,CL,1.0,1.0
2019,sensitivity,CN,152.0,148.0
2019,sensitivity,CZ,1.0,1.0
2019,sensitivity,DE,60.0,58.5
2019,sensitivity,DK,13.0,13.0
2019,sensitivity,EE,1.0,1.0
2019,sensitivity,ES,3.0,2.5
2019,sensitivity,FI,12.0,11.0
2019,sensitivity,FR,96.0,93.5
2019,sensitivity,GB,159.0,154.0
2019,sensitivity,GR,1.0,1.0
2019,sensitivity,HK,22.0,21.0
2019,sensitivity,IE,3.0,3.0
2019,sensitivity,IL,48.0,48.0
2019,sensitivity,IN,16.0,16.0
2019,sensitivity,IR,3.0,3.0
2019,sensitivity,IT,14.0,13.0
2019,sensitivity,JE,1.0,1.0
2019,sensitivity,JP,39.0,38.5
2019,sensitivity,KR,38.0,37.5
2019,sensitivity,LB,1.0,1.0
2019,sensitivity,LK,1.0,1.0
2019,sensitivity,LV,1.0,1.0
2019,sensitivity,NL,19.0,18.5
2019,sensitivity,NO,2.0,2.0
2019,sensitivity,PL,3.0,3.0
2019,sensitivity,PT,1.0,0.5
2019,sensitivity,RO,1.0,1.0
2019,sensitivity,RU,12.0,11.0
2019,sensitivity,SA,4.0,4.0
2019,sensitivity,SE,10.0,10.0
2019,sensitivity,SG,20.0,19.5
2019,sensitivity,TR,2.0,2.0
2019,sensitivity,TW,7.0,6.0
2019,sensitivity,US,1003.0,997.0
2019,sensitivity,ZA,1.0,1.0
2020,conservative,AE,4.0,3.0
2020,conservative,AR,1.0,0.5
2020,conservative,AT,11.0,11.0
2020,conservative,AU,49.0,47.0
2020,conservative,BE,6.0,6.0
2020,conservative,BG,1.0,1.0
2020,conservative,BR,1.0,1.0
2020,conservative,CA,157.0,150.5
2020,conservative,CH,86.0,84.5
2020,conservative,CL,1.0,1.0
2020,conservative,CN,246.0,239.5
2020,conservative,CZ,1.0,1.0
2020,conservative,DE,84.0,79.5
2020,conservative,DK,9.0,9.0
2020,conservative,ES,7.0,6.5
2020,conservative,FI,9.0,8.5
2020,conservative,FR,110.0,108.5
2020,conservative,GB,194.0,190.0
2020,conservative,GR,2.0,2.0
2020,conservative,HK,22.0,22.0
2020,conservative,HU,1.0,1.0
2020,conservative,IL,59.0,58.5
2020,conservative,IN,29.0,28.0
2020,conservative,IR,2.0,2.0
2020,conservative,IT,23.0,22.0
2020,conservative,JE,2.0,2.0
2020,conservative,JP,39.0,38.0
2020,conservative,KR,57.0,57.0
2020,conservative,LK,1.0,1.0
2020,conservative,NL,20.0,19.0
2020,conservative,NO,1.0,1.0
2020,conservative,PK,1.0,1.0
2020,conservative,PL,4.0,4.0
2020,conservative,PT,6.0,6.0
2020,conservative,RO,1.0,1.0
2020,conservative,RU,20.0,18.5
2020,conservative,SA,11.0,11.0
2020,conservative,SE,16.0,16.0
2020,conservative,SG,47.0,47.0
2020,conservative,TH,1.0,1.0
2020,conservative,TR,1.0,1.0
2020,conservative,TW,7.0,7.0
2020,conservative,US,1252.0,1243.0
2020,conservative,VN,2.0,2.0
2020,conservative,ZA,2.0,2.0
2020,sensitivity,AE,4.0,3.0
2020,sensitivity,AR,1.0,0.5
2020,sensitivity,AT,12.0,12.0
2020,sensitivity,AU,52.0,50.0
2020,sensitivity,BE,6.0,6.0
2020,sensitivity,BG,1.0,1.0
2020,sensitivity,BR,1.0,1.0
2020,sensitivity,CA,178.0,171.5
2020,sensitivity,CH,86.0,84.5
2020,sensitivity,CL,1.0,1.0
2020,sensitivity,CN,257.0,250.5
2020,sensitivity,CZ,1.0,1.0
2020,sensitivity,DE,85.0,80.5
2020,sensitivity,DK,9.0,9.0
2020,sensitivity,ES,7.0,6.5
2020,sensitivity,FI,10.0,9.5
2020,sensitivity,FR,115.0,113.5
2020,sensitivity,GB,207.0,203.0
2020,sensitivity,GR,2.0,2.0
2020,sensitivity,HK,22.0,22.0
2020,sensitivity,HU,1.0,1.0
2020,sensitivity,IL,66.0,65.5
2020,sensitivity,IN,30.0,29.0
2020,sensitivity,IR,2.0,2.0
2020,sensitivity,IT,24.0,23.0
2020,sensitivity,JE,2.0,2.0
2020,sensitivity,JP,42.0,41.0
2020,sensitivity,KR,63.0,63.0
2020,sensitivity,LK,1.0,1.0
2020,sensitivity,NL,21.0,20.0
2020,sensitivity,NO,1.0,1.0
2020,sensitivity,PK,1.0,1.0
2020,sensitivity,PL,4.0,4.0
2020,sensitivity,PT,7.0,7.0
2020,sensitivity,RO,1.0,1.0
2020,sensitivity,RU,20.0,18.5
2020,sensitivity,SA,11.0,11.0
2020,sensitivity,SE,16.0,16.0
2020,sensitivity,SG,49.0,49.0
2020,sensitivity,TH,1.0,1.0
2020,sensitivity,TR,1.0,1.0
2020,sensitivity,TW,7.0,7.0
2020,sensitivity,US,1329.0,1320.0
2020,sensitivity,VN,2.0,2.0
2020,sensitivity,ZA,2.0,2.0
2021,conservative,AE,3.0,3.0
2021,conservative,AT,17.0,16.5
2021,conservative,AU,44.0,43.5
2021,conservative,BE,7.0,7.0
2021,conservative,BR,3.0,3.0
2021,conservative,CA,130.0,127.5
2021,conservative,CH,102.0,101.0
2021,conservative,CL,5.0,4.5
2021,conservative,CN,376.0,371.0
2021,conservative,DE,129.0,125.5
2021,conservative,DK,12.0,11.5
2021,conservative,ES,8.0,7.0
2021,conservative,FI,11.0,11.0
2021,conservative,FR,131.0,129.0
2021,conservative,GB,249.0,246.0
2021,conservative,GR,2.0,2.0
2021,conservative,HK,51.0,48.5
2021,conservative,HR,1.0,1.0
2021,conservative,HU,2.0,2.0
2021,conservative,IE,2.0,2.0
2021,conservative,IL,80.0,80.0
2021,conservative,IN,37.0,37.0
2021,conservative,IR,2.0,2.0
2021,conservative,IT,22.0,21.5
2021,conservative,JE,1.0,1.0
2021,conservative,JP,48.0,47.0
2021,conservative,KR,90.0,89.0
2021,conservative,LK,3.0,3.0
2021,conservative,MY,1.0,1.0
2021,conservative,NL,41.0,40.0
2021,conservative,NO,2.0,2.0
2021,conservative,NZ,2.0,1.5
2021,conservative,PK,2.0,2.0
2021,conservative,PL,7.0,6.5
2021,conservative,RO,2.0,2.0
2021,conservative,RS,1.0,0.5
2021,conservative,RU,16.0,15.5
2021,conservative,SA,19.0,18.0
2021,conservative,SE,13.0,13.0
2021,conservative,SG,75.0,73.5
2021,conservative,TH,1.0,1.0
2021,conservative,TR,2.0,2.0
2021,conservative,TW,9.0,8.5
2021,conservative,US,1375.0,1367.0
2021,conservative,UY,1.0,1.0
2021,conservative,VN,3.0,3.0
2021,sensitivity,AE,3.0,3.0
2021,sensitivity,AT,17.0,16.5
2021,sensitivity,AU,46.0,45.5
2021,sensitivity,BE,7.0,7.0
2021,sensitivity,BR,3.0,3.0
2021,sensitivity,CA,143.0,140.5
2021,sensitivity,CH,102.0,101.0
2021,sensitivity,CL,5.0,4.5
2021,sensitivity,CN,392.0,387.0
2021,sensitivity,DE,130.0,126.5
2021,sensitivity,DK,15.0,14.5
2021,sensitivity,ES,8.0,7.0
2021,sensitivity,FI,12.0,12.0
2021,sensitivity,FR,138.0,136.0
2021,sensitivity,GB,264.0,261.0
2021,sensitivity,GR,2.0,2.0
2021,sensitivity,HK,51.0,48.5
2021,sensitivity,HR,1.0,1.0
2021,sensitivity,HU,2.0,2.0
2021,sensitivity,IE,2.0,2.0
2021,sensitivity,IL,86.0,86.0
2021,sensitivity,IN,39.0,39.0
2021,sensitivity,IR,2.0,2.0
2021,sensitivity,IT,22.0,21.5
2021,sensitivity,JE,1.0,1.0
2021,sensitivity,JP,49.0,48.0
2021,sensitivity,KR,95.0,94.0
2021,sensitivity,LK,3.0,3.0
2021,sensitivity,MY,1.0,1.0
2021,sensitivity,NL,41.0,40.0
2021,sensitivity,NO,2.0,2.0
2021,sensitivity,NZ,2.0,1.5
2021,sensitivity,PK,2.0,2.0
2021,sensitivity,PL,8.0,7.5
2021,sensitivity,RO,2.0,2.0
2021,sensitivity,RS,1.0,0.5
2021,sensitivity,RU,17.0,16.5
2021,sensitivity,SA,19.0,18.0
2021,sensitivity,SE,13.0,13.0
2021,sensitivity,SG,79.0,77.5
2021,sensitivity,TH,1.0,1.0
2021,sensitivity,TR,2.0,2.0
2021,sensitivity,TW,9.0,8.5
2021,sensitivity,US,1461.0,1453.0
2021,sensitivity,UY,1.0,1.0
2021,sensitivity,VN,4.0,4.0
2022,conservative,AE,7.0,5.0
2022,conservative,AR,1.0,1.0
2022,conservative,AT,11.0,11.0
2022,conservative,AU,62.0,61.0
2022,conservative,BE,9.0,8.5
2022,conservative,BG,2.0,1.0
2022,conservative,BJ,1.0,1.0
2022,conservative,BR,4.0,3.0
2022,conservative,CA,152.0,149.0
2022,conservative,CH,121.0,117.5
2022,conservative,CL,1.0,1.0
2022,conservative,CN,710.0,696.5
2022,conservative,CO,1.0,1.0
2022,conservative,CY,1.0,1.0
2022,conservative,DE,140.0,134.5
2022,conservative,DK,17.0,15.0
2022,conservative,ES,13.0,12.333333333333334
2022,conservative,FI,10.0,10.0
2022,conservative,FR,126.0,119.83333333333333
2022,conservative,GB,221.0,216.5
2022,conservative,GR,7.0,7.0
2022,conservative,HK,96.0,92.0
2022,conservative,IL,65.0,64.5
2022,conservative,IN,31.0,31.0
2022,conservative,IR,2.0,2.0
2022,conservative,IT,45.0,43.5
2022,conservative,JE,1.0,1.0
2022,conservative,JP,56.0,55.5
2022,conservative,KR,95.0,95.0
2022,conservative,LK,6.0,6.0
2022,conservative,LU,1.0,1.0
2022,conservative,MO,1.0,1.0
2022,conservative,NL,33.0,32.5
2022,conservative,NO,3.0,3.0
2022,conservative,NZ,2.0,2.0
2022,conservative,PK,1.0,0.5
2022,conservative,PL,6.0,5.5
2022,conservative,PT,1.0,1.0
2022,conservative,RO,1.0,1.0
2022,conservative,RS,2.0,1.5
2022,conservative,RU,18.0,17.0
2022,conservative,RW,1.0,1.0
2022,conservative,SA,11.0,11.0
2022,conservative,SE,23.0,22.0
2022,conservative,SG,82.0,80.5
2022,conservative,TN,1.0,0.5
2022,conservative,TR,2.0,2.0
2022,conservative,TW,6.0,6.0
2022,conservative,US,1463.0,1449.8333333333333
2022,conservative,VN,2.0,2.0
2022,sensitivity,AE,8.0,6.0
2022,sensitivity,AR,1.0,1.0
2022,sensitivity,AT,11.0,11.0
2022,sensitivity,AU,65.0,64.0
2022,sensitivity,BE,12.0,11.5
2022,sensitivity,BG,2.0,1.0
2022,sensitivity,BJ,1.0,1.0
2022,sensitivity,BR,4.0,3.0
2022,sensitivity,CA,162.0,159.0
2022,sensitivity,CH,124.0,120.5
2022,sensitivity,CL,1.0,1.0
2022,sensitivity,CN,726.0,712.5
2022,sensitivity,CO,1.0,1.0
2022,sensitivity,CY,1.0,1.0
2022,sensitivity,DE,146.0,140.5
2022,sensitivity,DK,17.0,15.0
2022,sensitivity,ES,14.0,13.333333333333334
2022,sensitivity,FI,11.0,11.0
2022,sensitivity,FR,126.0,119.83333333333333
2022,sensitivity,GB,230.0,225.5
2022,sensitivity,GR,7.0,7.0
2022,sensitivity,HK,100.0,96.0
2022,sensitivity,IL,71.0,70.5
2022,sensitivity,IN,32.0,32.0
2022,sensitivity,IR,2.0,2.0
2022,sensitivity,IT,45.0,43.5
2022,sensitivity,JE,1.0,1.0
2022,sensitivity,JP,58.0,57.5
2022,sensitivity,KR,104.0,104.0
2022,sensitivity,LB,1.0,1.0
2022,sensitivity,LK,6.0,6.0
2022,sensitivity,LU,1.0,1.0
2022,sensitivity,MO,1.0,1.0
2022,sensitivity,NL,36.0,35.5
2022,sensitivity,NO,3.0,3.0
2022,sensitivity,NZ,2.0,2.0
2022,sensitivity,PK,1.0,0.5
2022,sensitivity,PL,7.0,6.5
2022,sensitivity,PT,1.0,1.0
2022,sensitivity,RO,2.0,2.0
2022,sensitivity,RS,2.0,1.5
2022,sensitivity,RU,19.0,18.0
2022,sensitivity,RW,1.0,1.0
2022,sensitivity,SA,11.0,11.0
2022,sensitivity,SE,24.0,23.0
2022,sensitivity,SG,86.0,84.5
2022,sensitivity,TN,1.0,0.5
2022,sensitivity,TR,2.0,2.0
2022,sensitivity,TW,6.0,6.0
2022,sensitivity,US,1556.0,1542.8333333333333
2022,sensitivity,VN,3.0,3.0
2023,conservative,AE,20.0,17.0
2023,conservative,AT,25.0,24.5
2023,conservative,AU,82.0,79.0
2023,conservative,BE,19.0,18.0
2023,conservative,BG,2.0,2.0
2023,conservative,BR,2.0,2.0
2023,conservative,CA,188.0,185.0
2023,conservative,CH,162.0,157.0
2023,conservative,CL,2.0,2.0
2023,conservative,CN,948.0,929.5
2023,conservative,CY,1.0,1.0
2023,conservative,CZ,3.0,3.0
2023,conservative,DE,198.0,190.5
2023,conservative,DK,21.0,20.0
2023,conservative,EE,1.0,1.0
2023,conservative,ES,14.0,12.5
2023,conservative,FI,14.0,14.0
2023,conservative,FR,132.0,129.5
2023,conservative,GB,259.0,253.5
2023,conservative,GR,3.0,2.5
2023,conservative,HK,132.0,123.5
2023,conservative,HR,1.0,1.0
2023,conservative,HU,1.0,1.0
2023,conservative,IE,3.0,2.5
2023,conservative,IL,85.0,85.0
2023,conservative,IN,33.0,32.5
2023,conservative,IR,2.0,2.0
2023,conservative,IT,44.0,41.0
2023,conservative,JE,2.0,2.0
2023,conservative,JP,66.0,64.0
2023,conservative,KR,192.0,190.5
2023,conservative,LK,1.0,1.0
2023,conservative,LU,4.0,4.0
2023,conservative,MO,2.0,2.0
2023,conservative,NL,52.0,50.0
2023,conservative,NO,3.0,2.5
2023,conservative,NP,1.0,1.0
2023,conservative,NZ,1.0,1.0
2023,conservative,PK,1.0,0.5
2023,conservative,PL,6.0,5.5
2023,conservative,PT,1.0,0.5
2023,conservative,RS,1.0,1.0
2023,conservative,RU,14.0,13.5
2023,conservative,RW,1.0,1.0
2023,conservative,SA,13.0,12.5
2023,conservative,SE,27.0,27.0
2023,conservative,SG,138.0,134.0
2023,conservative,SI,1.0,1.0
2023,conservative,SK,1.0,1.0
2023,conservative,TR,4.0,3.5
2023,conservative,TW,13.0,13.0
2023,conservative,US,1913.0,1901.5
2023,conservative,VN,6.0,5.0
2023,conservative,ZA,1.0,0.5
2023,sensitivity,AE,20.0,17.0
2023,sensitivity,AT,25.0,24.5
2023,sensitivity,AU,83.0,80.0
2023,sensitivity,BE,19.0,18.0
2023,sensitivity,BG,2.0,2.0
2023,sensitivity,BR,2.0,2.0
2023,sensitivity,CA,204.0,201.0
2023,sensitivity,CH,166.0,161.0
2023,sensitivity,CL,2.0,2.0
2023,sensitivity,CN,962.0,943.5
2023,sensitivity,CY,1.0,1.0
2023,sensitivity,CZ,3.0,3.0
2023,sensitivity,DE,203.0,195.5
2023,sensitivity,DK,21.0,20.0
2023,sensitivity,EE,1.0,1.0
2023,sensitivity,ES,14.0,12.5
2023,sensitivity,FI,17.0,17.0
2023,sensitivity,FR,139.0,136.5
2023,sensitivity,GB,270.0,264.5
2023,sensitivity,GR,3.0,2.5
2023,sensitivity,HK,134.0,125.5
2023,sensitivity,HR,1.0,1.0
2023,sensitivity,HU,1.0,1.0
2023,sensitivity,IE,3.0,2.5
2023,sensitivity,IL,96.0,96.0
2023,sensitivity,IN,36.0,35.5
2023,sensitivity,IR,2.0,2.0
2023,sensitivity,IT,46.0,43.0
2023,sensitivity,JE,3.0,3.0
2023,sensitivity,JP,71.0,69.0
2023,sensitivity,KR,206.0,204.5
2023,sensitivity,LK,1.0,1.0
2023,sensitivity,LU,4.0,4.0
2023,sensitivity,MO,2.0,2.0
2023,sensitivity,NL,62.0,60.0
2023,sensitivity,NO,3.0,2.5
2023,sensitivity,NP,1.0,1.0
2023,sensitivity,NZ,1.0,1.0
2023,sensitivity,PK,1.0,0.5
2023,sensitivity,PL,8.0,7.5
2023,sensitivity,PT,1.0,0.5
2023,sensitivity,RS,1.0,1.0
2023,sensitivity,RU,17.0,16.5
2023,sensitivity,RW,1.0,1.0
2023,sensitivity,SA,13.0,12.5
2023,sensitivity,SE,28.0,28.0
2023,sensitivity,SG,140.0,136.0
2023,sensitivity,SI,1.0,1.0
2023,sensitivity,SK,1.0,1.0
2023,sensitivity,TH,2.0,2.0
2023,sensitivity,TR,4.0,3.5
2023,sensitivity,TW,13.0,13.0
2023,sensitivity,US,2027.0,2015.5
2023,sensitivity,VN,6.0,5.0
2023,sensitivity,ZA,1.0,0.5
2024,conservative,AE,25.0,20.5
2024,conservative,AM,1.0,1.0
2024,conservative,AR,1.0,1.0
2024,conservative,AT,33.0,31.5
2024,conservative,AU,88.0,82.0
2024,conservative,BE,19.0,18.5
2024,conservative,BG,3.0,3.0
2024,conservative,BR,7.0,7.0
2024,conservative,CA,212.0,207.0
2024,conservative,CH,188.0,181.0
2024,conservative,CL,4.0,4.0
2024,conservative,CN,1868.0,1830.0
2024,conservative,CZ,5.0,4.0
2024,conservative,DE,284.0,275.5
2024,conservative,DK,35.0,35.0
2024,conservative,EE,1.0,1.0
2024,conservative,ES,18.0,16.5
2024,conservative,FI,24.0,23.0
2024,conservative,FR,138.0,134.5
2024,conservative,GB,305.0,296.0
2024,conservative,GR,9.0,9.0
2024,conservative,HK,204.0,188.0
2024,conservative,HR,1.0,0.5
2024,conservative,IE,4.0,3.5
2024,conservative,IL,95.0,93.5
2024,conservative,IN,32.0,31.5
2024,conservative,IR,4.0,4.0
2024,conservative,IT,70.0,66.0
2024,conservative,JE,3.0,3.0
2024,conservative,JP,79.0,75.0
2024,conservative,KR,228.0,226.5
2024,conservative,LK,2.0,2.0
2024,conservative,LU,7.0,6.5
2024,conservative,LV,1.0,1.0
2024,conservative,ML,1.0,0.5
2024,conservative,MO,8.0,7.5
2024,conservative,NL,50.0,47.5
2024,conservative,NO,7.0,6.5
2024,conservative,NZ,1.0,1.0
2024,conservative,PL,13.0,13.0
2024,conservative,PT,5.0,5.0
2024,conservative,RS,3.0,2.0
2024,conservative,RU,27.0,25.5
2024,conservative,SA,22.0,21.0
2024,conservative,SE,35.0,34.5
2024,conservative,SG,188.0,181.0
2024,conservative,SI,1.0,1.0
2024,conservative,SK,1.0,0.5
2024,conservative,TR,4.0,4.0
2024,conservative,TW,30.0,29.0
2024,conservative,US,2201.0,2176.0
2024,conservative,VN,5.0,4.5
2024,conservative,ZA,2.0,2.0
2024,sensitivity,AE,25.0,20.5
2024,sensitivity,AM,1.0,1.0
2024,sensitivity,AR,1.0,1.0
2024,sensitivity,AT,34.0,32.5
2024,sensitivity,AU,90.0,84.0
2024,sensitivity,BE,20.0,19.5
2024,sensitivity,BG,3.0,3.0
2024,sensitivity,BR,7.0,7.0
2024,sensitivity,CA,222.0,217.0
2024,sensitivity,CH,189.0,182.0
2024,sensitivity,CL,5.0,5.0
2024,sensitivity,CN,1898.0,1860.0
2024,sensitivity,CZ,5.0,4.0
2024,sensitivity,DE,287.0,278.5
2024,sensitivity,DK,35.0,35.0
2024,sensitivity,EE,1.0,1.0
2024,sensitivity,ES,18.0,16.5
2024,sensitivity,FI,25.0,24.0
2024,sensitivity,FR,144.0,140.5
2024,sensitivity,GB,321.0,312.0
2024,sensitivity,GR,9.0,9.0
2024,sensitivity,HK,210.0,194.0
2024,sensitivity,HR,1.0,0.5
2024,sensitivity,IE,4.0,3.5
2024,sensitivity,IL,102.0,100.5
2024,sensitivity,IN,36.0,35.5
2024,sensitivity,IR,5.0,5.0
2024,sensitivity,IT,72.0,68.0
2024,sensitivity,JE,3.0,3.0
2024,sensitivity,JP,84.0,80.0
2024,sensitivity,KR,243.0,241.5
2024,sensitivity,LK,2.0,2.0
2024,sensitivity,LU,7.0,6.5
2024,sensitivity,LV,1.0,1.0
2024,sensitivity,ML,1.0,0.5
2024,sensitivity,MO,9.0,8.5
2024,sensitivity,NL,54.0,51.5
2024,sensitivity,NO,7.0,6.5
2024,sensitivity,NZ,1.0,1.0
2024,sensitivity,PL,14.0,14.0
2024,sensitivity,PT,5.0,5.0
2024,sensitivity,RS,3.0,2.0
2024,sensitivity,RU,31.0,29.5
2024,sensitivity,SA,22.0,21.0
2024,sensitivity,SE,35.0,34.5
2024,sensitivity,SG,191.0,184.0
2024,sensitivity,SI,1.0,1.0
2024,sensitivity,SK,1.0,0.5
2024,sensitivity,TR,4.0,4.0
2024,sensitivity,TW,31.0,30.0
2024,sensitivity,US,2318.0,2293.0
2024,sensitivity,VN,5.0,4.5
2024,sensitivity,ZA,2.0,2.0
