spec_id,country_mapping,numerator_counting,denominator_specification,year,group,top_count,top_credit_total,top_share,broad_count,broad_country_credit_total,broad_share,pri
existing|conservative|top_full|ai_primary_peer_reviewed,conservative,full,ai_primary_peer_reviewed,2018,South Korea,27.0,1470.0,0.018367346938775512,1207.0,86751.0,0.013913384283754654,1.3201207243460766
existing|conservative|top_full|ai_primary_peer_reviewed,conservative,full,ai_primary_peer_reviewed,2018,China,109.0,1470.0,0.07414965986394557,13391.0,86751.0,0.15436133301057048,0.4803642105038565
existing|conservative|top_full|ai_primary_peer_reviewed,conservative,full,ai_primary_peer_reviewed,2018,India,12.0,1470.0,0.00816326530612245,4423.0,86751.0,0.05098500305471983,0.16011110752236687
existing|conservative|top_full|ai_primary_peer_reviewed,conservative,full,ai_primary_peer_reviewed,2018,Core Anglophone,966.0,1470.0,0.6571428571428571,22093.0,86751.0,0.2546714158914595,2.580355768795546
existing|conservative|top_full|ai_primary_peer_reviewed,conservative,full,ai_primary_peer_reviewed,2018,Other non-core,383.0,1470.0,0.2605442176870748,46844.0,86751.0,0.5399822480432502,0.4825051538846261
existing|conservative|top_full|ai_primary_peer_reviewed,conservative,full,ai_primary_peer_reviewed,2019,South Korea,38.0,1927.0,0.019719771665801765,1464.0,97572.0,0.015004304513589964,1.3142742902838866
existing|conservative|top_full|ai_primary_peer_reviewed,conservative,full,ai_primary_peer_reviewed,2019,China,152.0,1927.0,0.07887908666320706,16490.0,97572.0,0.16900340261550445,0.46673076069754027
existing|conservative|top_full|ai_primary_peer_reviewed,conservative,full,ai_primary_peer_reviewed,2019,India,16.0,1927.0,0.008303061754021795,4503.0,97572.0,0.04615053498954618,0.1799125786061325
existing|conservative|top_full|ai_primary_peer_reviewed,conservative,full,ai_primary_peer_reviewed,2019,Core Anglophone,1260.0,1927.0,0.6538661131292164,24509.0,97572.0,0.2511888656581806,2.603085576328855
existing|conservative|top_full|ai_primary_peer_reviewed,conservative,full,ai_primary_peer_reviewed,2019,Other non-core,499.0,1927.0,0.25895173845355474,52070.0,97572.0,0.5336571967367687,0.48523985067006425
existing|conservative|top_full|ai_primary_peer_reviewed,conservative,full,ai_primary_peer_reviewed,2020,South Korea,57.0,2606.0,0.021872601688411358,1750.0,108280.0,0.01616180273365349,1.3533516061835325
existing|conservative|top_full|ai_primary_peer_reviewed,conservative,full,ai_primary_peer_reviewed,2020,China,246.0,2606.0,0.09439754412893323,19078.0,108280.0,0.17619135574436645,0.5357671704728425
existing|conservative|top_full|ai_primary_peer_reviewed,conservative,full,ai_primary_peer_reviewed,2020,India,29.0,2606.0,0.011128165771297006,5542.0,108280.0,0.051182120428518656,0.2174229140591916
existing|conservative|top_full|ai_primary_peer_reviewed,conservative,full,ai_primary_peer_reviewed,2020,Core Anglophone,1652.0,2606.0,0.6339217191097467,26932.0,108280.0,0.24872552641300333,2.548679776667287
existing|conservative|top_full|ai_primary_peer_reviewed,conservative,full,ai_primary_peer_reviewed,2020,Other non-core,679.0,2606.0,0.26055257099002305,56728.0,108280.0,0.5239009974141116,0.4973316948737783
existing|conservative|top_full|ai_primary_peer_reviewed,conservative,full,ai_primary_peer_reviewed,2021,South Korea,90.0,3140.0,0.028662420382165606,2171.0,125205.0,0.01733956311648896,1.6530070676872612
existing|conservative|top_full|ai_primary_peer_reviewed,conservative,full,ai_primary_peer_reviewed,2021,China,376.0,3140.0,0.1197452229299363,24861.0,125205.0,0.19856235773331735,0.6030610448872803
existing|conservative|top_full|ai_primary_peer_reviewed,conservative,full,ai_primary_peer_reviewed,2021,India,37.0,3140.0,0.01178343949044586,6384.0,125205.0,0.050988379058344316,0.23110049207413438
existing|conservative|top_full|ai_primary_peer_reviewed,conservative,full,ai_primary_peer_reviewed,2021,Core Anglophone,1802.0,3140.0,0.5738853503184713,30356.0,125205.0,0.24245038137454575,2.3670218502643365
existing|conservative|top_full|ai_primary_peer_reviewed,conservative,full,ai_primary_peer_reviewed,2021,Other non-core,925.0,3140.0,0.2945859872611465,63604.0,125205.0,0.5079988818337926,0.5798949521261532
existing|conservative|top_full|ai_primary_peer_reviewed,conservative,full,ai_primary_peer_reviewed,2022,South Korea,95.0,3674.0,0.025857376156777353,2378.0,128917.0,0.01844597686883809,1.4017894709853935
existing|conservative|top_full|ai_primary_peer_reviewed,conservative,full,ai_primary_peer_reviewed,2022,China,710.0,3674.0,0.19324986390854654,29057.0,128917.0,0.22539308237082775,0.8573903949305879
existing|conservative|top_full|ai_primary_peer_reviewed,conservative,full,ai_primary_peer_reviewed,2022,India,31.0,3674.0,0.008437670114316821,7653.0,128917.0,0.059363776693531496,0.1421349951819393
existing|conservative|top_full|ai_primary_peer_reviewed,conservative,full,ai_primary_peer_reviewed,2022,Core Anglophone,1900.0,3674.0,0.5171475231355471,28079.0,128917.0,0.21780680592939644,2.3743405121288266
existing|conservative|top_full|ai_primary_peer_reviewed,conservative,full,ai_primary_peer_reviewed,2022,Other non-core,1033.0,3674.0,0.28116494284158955,64128.0,128917.0,0.49743633500624435,0.5652279961375561
existing|conservative|top_full|ai_primary_peer_reviewed,conservative,full,ai_primary_peer_reviewed,2023,South Korea,192.0,4862.0,0.03948992184286302,2685.0,148488.0,0.01808226927428479,2.1839029849545786
existing|conservative|top_full|ai_primary_peer_reviewed,conservative,full,ai_primary_peer_reviewed,2023,China,948.0,4862.0,0.19498148909913615,33719.0,148488.0,0.22708232315069232,0.8586379000964598
existing|conservative|top_full|ai_primary_peer_reviewed,conservative,full,ai_primary_peer_reviewed,2023,India,33.0,4862.0,0.006787330316742082,10343.0,148488.0,0.06965546037390227,0.09744146805302119
existing|conservative|top_full|ai_primary_peer_reviewed,conservative,full,ai_primary_peer_reviewed,2023,Core Anglophone,2446.0,4862.0,0.5030851501439737,31779.0,148488.0,0.2140172943268143,2.3506752186846147
existing|conservative|top_full|ai_primary_peer_reviewed,conservative,full,ai_primary_peer_reviewed,2023,Other non-core,1435.0,4862.0,0.2951460304401481,72647.0,148488.0,0.4892449221485911,0.6032684593719866
existing|conservative|top_full|ai_primary_peer_reviewed,conservative,full,ai_primary_peer_reviewed,2024,South Korea,228.0,6602.0,0.034534989397152376,2920.0,161144.0,0.01812043886213573,1.9058583326762748
existing|conservative|top_full|ai_primary_peer_reviewed,conservative,full,ai_primary_peer_reviewed,2024,China,1868.0,6602.0,0.28294456225386244,38194.0,161144.0,0.23701782256863427,1.1937691401748025
existing|conservative|top_full|ai_primary_peer_reviewed,conservative,full,ai_primary_peer_reviewed,2024,India,32.0,6602.0,0.004847016055740685,12200.0,161144.0,0.07570868291714243,0.06402193076117024
existing|conservative|top_full|ai_primary_peer_reviewed,conservative,full,ai_primary_peer_reviewed,2024,Core Anglophone,2811.0,6602.0,0.4257800666464708,33125.0,161144.0,0.2055614853795363,2.0713027338770984
existing|conservative|top_full|ai_primary_peer_reviewed,conservative,full,ai_primary_peer_reviewed,2024,Other non-core,1891.0,6602.0,0.2864283550439261,77625.0,161144.0,0.481712009134687,0.5946049706305756
existing|conservative|top_full|ai_primary_all_types,conservative,full,ai_primary_all_types,2018,South Korea,27.0,1470.0,0.018367346938775512,1375.0,105904.0,0.012983456715515939,1.4146730983302414
existing|conservative|top_full|ai_primary_all_types,conservative,full,ai_primary_all_types,2018,China,109.0,1470.0,0.07414965986394557,14395.0,105904.0,0.13592498866898323,0.5455189703529901
existing|conservative|top_full|ai_primary_all_types,conservative,full,ai_primary_all_types,2018,India,12.0,1470.0,0.00816326530612245,5718.0,105904.0,0.053992294908596465,0.15119315302196432
existing|conservative|top_full|ai_primary_all_types,conservative,full,ai_primary_all_types,2018,Core Anglophone,966.0,1470.0,0.6571428571428571,29753.0,105904.0,0.2809431182958151,2.339060166801907
existing|conservative|top_full|ai_primary_all_types,conservative,full,ai_primary_all_types,2018,Other non-core,383.0,1470.0,0.2605442176870748,56038.0,105904.0,0.5291395981266053,0.4923922129614185
existing|conservative|top_full|ai_primary_all_types,conservative,full,ai_primary_all_types,2019,South Korea,38.0,1927.0,0.019719771665801765,2088.0,124714.0,0.01674230639703642,1.1778408062877401
existing|conservative|top_full|ai_primary_all_types,conservative,full,ai_primary_all_types,2019,China,152.0,1927.0,0.07887908666320706,18341.0,124714.0,0.1470644835383357,0.5363571459634265
existing|conservative|top_full|ai_primary_all_types,conservative,full,ai_primary_all_types,2019,India,16.0,1927.0,0.008303061754021795,5700.0,124714.0,0.04570457206087528,0.18166807782299546
existing|conservative|top_full|ai_primary_all_types,conservative,full,ai_primary_all_types,2019,Core Anglophone,1260.0,1927.0,0.6538661131292164,36089.0,124714.0,0.2893740879131453,2.2595876425724484
existing|conservative|top_full|ai_primary_all_types,conservative,full,ai_primary_all_types,2019,Other non-core,499.0,1927.0,0.25895173845355474,64584.0,124714.0,0.5178568564876437,0.5000450128436862
existing|conservative|top_full|ai_primary_all_types,conservative,full,ai_primary_all_types,2020,South Korea,57.0,2606.0,0.021872601688411358,2117.0,147035.0,0.01439793246505934,1.5191487903899688
existing|conservative|top_full|ai_primary_all_types,conservative,full,ai_primary_all_types,2020,China,246.0,2606.0,0.09439754412893323,21839.0,147035.0,0.14852926174040196,0.6355484638031822
existing|conservative|top_full|ai_primary_all_types,conservative,full,ai_primary_all_types,2020,India,29.0,2606.0,0.011128165771297006,8021.0,147035.0,0.05455163736525317,0.20399324949291303
existing|conservative|top_full|ai_primary_all_types,conservative,full,ai_primary_all_types,2020,Core Anglophone,1652.0,2606.0,0.6339217191097467,44850.0,147035.0,0.30502941476519196,2.0782314374426223
existing|conservative|top_full|ai_primary_all_types,conservative,full,ai_primary_all_types,2020,Other non-core,679.0,2606.0,0.26055257099002305,72325.0,147035.0,0.4918896861291529,0.5296971624682757
existing|conservative|top_full|ai_primary_all_types,conservative,full,ai_primary_all_types,2021,South Korea,90.0,3140.0,0.028662420382165606,2600.0,161608.0,0.01608831245977922,1.7815678588926998
existing|conservative|top_full|ai_primary_all_types,conservative,full,ai_primary_all_types,2021,China,376.0,3140.0,0.1197452229299363,27690.0,161608.0,0.17134052769664868,0.6988727333788786
existing|conservative|top_full|ai_primary_all_types,conservative,full,ai_primary_all_types,2021,India,37.0,3140.0,0.01178343949044586,8655.0,161608.0,0.05355551705361121,0.22002288725268337
existing|conservative|top_full|ai_primary_all_types,conservative,full,ai_primary_all_types,2021,Core Anglophone,1802.0,3140.0,0.5738853503184713,45523.0,161608.0,0.2816877877332805,2.0373100123952184
existing|conservative|top_full|ai_primary_all_types,conservative,full,ai_primary_all_types,2021,Other non-core,925.0,3140.0,0.2945859872611465,79740.0,161608.0,0.49341616751645956,0.5970335117795255
existing|conservative|top_full|ai_primary_all_types,conservative,full,ai_primary_all_types,2022,South Korea,95.0,3674.0,0.025857376156777353,2671.0,156801.0,0.01703433013820065,1.5179567348404515
existing|conservative|top_full|ai_primary_all_types,conservative,full,ai_primary_all_types,2022,China,710.0,3674.0,0.19324986390854654,31453.0,156801.0,0.200591832960249,0.9633984647163706
existing|conservative|top_full|ai_primary_all_types,conservative,full,ai_primary_all_types,2022,India,31.0,3674.0,0.008437670114316821,10079.0,156801.0,0.06427892679255873,0.13126650576396387
existing|conservative|top_full|ai_primary_all_types,conservative,full,ai_primary_all_types,2022,Core Anglophone,1900.0,3674.0,0.5171475231355471,37029.0,156801.0,0.23615283065796774,2.189884921957842
existing|conservative|top_full|ai_primary_all_types,conservative,full,ai_primary_all_types,2022,Other non-core,1033.0,3674.0,0.28116494284158955,78240.0,156801.0,0.49897640958922457,0.5634834381710645
existing|conservative|top_full|ai_primary_all_types,conservative,full,ai_primary_all_types,2023,South Korea,192.0,4862.0,0.03948992184286302,3100.0,183066.0,0.016933783444222302,2.332020010350181
existing|conservative|top_full|ai_primary_all_types,conservative,full,ai_primary_all_types,2023,China,948.0,4862.0,0.19498148909913615,37550.0,183066.0,0.20511728010662822,0.9505853870418763
existing|conservative|top_full|ai_primary_all_types,conservative,full,ai_primary_all_types,2023,India,33.0,4862.0,0.006787330316742082,12506.0,183066.0,0.06831415992046584,0.099354662703079
existing|conservative|top_full|ai_primary_all_types,conservative,full,ai_primary_all_types,2023,Core Anglophone,2446.0,4862.0,0.5030851501439737,41777.0,183066.0,0.2282073132094436,2.2045093256159296
existing|conservative|top_full|ai_primary_all_types,conservative,full,ai_primary_all_types,2023,Other non-core,1435.0,4862.0,0.2951460304401481,91233.0,183066.0,0.4983612467634624,0.5922331087277207
existing|conservative|top_full|ai_primary_all_types,conservative,full,ai_primary_all_types,2024,South Korea,228.0,6602.0,0.034534989397152376,3266.0,191316.0,0.01707123293399402,2.022993273577956
existing|conservative|top_full|ai_primary_all_types,conservative,full,ai_primary_all_types,2024,China,1868.0,6602.0,0.28294456225386244,41725.0,191316.0,0.21809467059733634,1.2973474385179138
existing|conservative|top_full|ai_primary_all_types,conservative,full,ai_primary_all_types,2024,India,32.0,6602.0,0.004847016055740685,14691.0,191316.0,0.07678918647682369,0.06312107574161628
existing|conservative|top_full|ai_primary_all_types,conservative,full,ai_primary_all_types,2024,Core Anglophone,2811.0,6602.0,0.4257800666464708,41967.0,191316.0,0.2193595935520291,1.941014111814907
existing|conservative|top_full|ai_primary_all_types,conservative,full,ai_primary_all_types,2024,Other non-core,1891.0,6602.0,0.2864283550439261,92933.0,191316.0,0.48575654937381085,0.5896541290347215
existing|conservative|top_full|cs_primary_peer_reviewed,conservative,full,cs_primary_peer_reviewed,2018,South Korea,27.0,1470.0,0.018367346938775512,6396.0,331796.0,0.01927690508625782,0.9528161733736648
existing|conservative|top_full|cs_primary_peer_reviewed,conservative,full,cs_primary_peer_reviewed,2018,China,109.0,1470.0,0.07414965986394557,52989.0,331796.0,0.15970355278544648,0.46429561879291337
existing|conservative|top_full|cs_primary_peer_reviewed,conservative,full,cs_primary_peer_reviewed,2018,India,12.0,1470.0,0.00816326530612245,20310.0,331796.0,0.06121231117915828,0.1333598609310785
existing|conservative|top_full|cs_primary_peer_reviewed,conservative,full,cs_primary_peer_reviewed,2018,Core Anglophone,966.0,1470.0,0.6571428571428571,73610.0,331796.0,0.22185318689797345,2.962061831661071
existing|conservative|top_full|cs_primary_peer_reviewed,conservative,full,cs_primary_peer_reviewed,2018,Other non-core,383.0,1470.0,0.2605442176870748,184887.0,331796.0,0.5572309491374218,0.46756953842996357
existing|conservative|top_full|cs_primary_peer_reviewed,conservative,full,cs_primary_peer_reviewed,2019,South Korea,38.0,1927.0,0.019719771665801765,6742.0,362243.0,0.01861181582528855,1.0595297015032674
existing|conservative|top_full|cs_primary_peer_reviewed,conservative,full,cs_primary_peer_reviewed,2019,China,152.0,1927.0,0.07887908666320706,60553.0,362243.0,0.16716127019707766,0.4718741761785562
existing|conservative|top_full|cs_primary_peer_reviewed,conservative,full,cs_primary_peer_reviewed,2019,India,16.0,1927.0,0.008303061754021795,20123.0,362243.0,0.055551107957917754,0.14946707742196078
existing|conservative|top_full|cs_primary_peer_reviewed,conservative,full,cs_primary_peer_reviewed,2019,Core Anglophone,1260.0,1927.0,0.6538661131292164,78090.0,362243.0,0.21557352385001227,3.033146656655996
existing|conservative|top_full|cs_primary_peer_reviewed,conservative,full,cs_primary_peer_reviewed,2019,Other non-core,499.0,1927.0,0.25895173845355474,203477.0,362243.0,0.5617140979949923,0.461002740322646
existing|conservative|top_full|cs_primary_peer_reviewed,conservative,full,cs_primary_peer_reviewed,2020,South Korea,57.0,2606.0,0.021872601688411358,7331.0,387976.0,0.01889549869064066,1.1575562014272383
existing|conservative|top_full|cs_primary_peer_reviewed,conservative,full,cs_primary_peer_reviewed,2020,China,246.0,2606.0,0.09439754412893323,65395.0,387976.0,0.16855424046848258,0.560042535070984
existing|conservative|top_full|cs_primary_peer_reviewed,conservative,full,cs_primary_peer_reviewed,2020,India,29.0,2606.0,0.011128165771297006,22615.0,387976.0,0.0582896880219395,0.19091139700573634
existing|conservative|top_full|cs_primary_peer_reviewed,conservative,full,cs_primary_peer_reviewed,2020,Core Anglophone,1652.0,2606.0,0.6339217191097467,80963.0,387976.0,0.20868043384126853,3.037763087994801
existing|conservative|top_full|cs_primary_peer_reviewed,conservative,full,cs_primary_peer_reviewed,2020,Other non-core,679.0,2606.0,0.26055257099002305,219003.0,387976.0,0.5644756376683093,0.4615833768597927
existing|conservative|top_full|cs_primary_peer_reviewed,conservative,full,cs_primary_peer_reviewed,2021,South Korea,90.0,3140.0,0.028662420382165606,7994.0,431798.0,0.018513286305170473,1.5482081306202582
existing|conservative|top_full|cs_primary_peer_reviewed,conservative,full,cs_primary_peer_reviewed,2021,China,376.0,3140.0,0.1197452229299363,78876.0,431798.0,0.18266874788674334,0.6555320727559795
existing|conservative|top_full|cs_primary_peer_reviewed,conservative,full,cs_primary_peer_reviewed,2021,India,37.0,3140.0,0.01178343949044586,26445.0,431798.0,0.06124391497876322,0.19240180015487016
existing|conservative|top_full|cs_primary_peer_reviewed,conservative,full,cs_primary_peer_reviewed,2021,Core Anglophone,1802.0,3140.0,0.5738853503184713,83140.0,431798.0,0.19254373572828035,2.9805454233439415
existing|conservative|top_full|cs_primary_peer_reviewed,conservative,full,cs_primary_peer_reviewed,2021,Other non-core,925.0,3140.0,0.2945859872611465,243337.0,431798.0,0.5635436014062131,0.5227385893940854
existing|conservative|top_full|cs_primary_peer_reviewed,conservative,full,cs_primary_peer_reviewed,2022,South Korea,95.0,3674.0,0.025857376156777353,8446.0,442696.0,0.019078555035509696,1.3553110342293047
existing|conservative|top_full|cs_primary_peer_reviewed,conservative,full,cs_primary_peer_reviewed,2022,China,710.0,3674.0,0.19324986390854654,90066.0,442696.0,0.20344886784610658,0.9498694485472644
existing|conservative|top_full|cs_primary_peer_reviewed,conservative,full,cs_primary_peer_reviewed,2022,India,31.0,3674.0,0.008437670114316821,30820.0,442696.0,0.06961888067658167,0.1211980145661129
existing|conservative|top_full|cs_primary_peer_reviewed,conservative,full,cs_primary_peer_reviewed,2022,Core Anglophone,1900.0,3674.0,0.5171475231355471,77993.0,442696.0,0.17617733162260332,2.9353806098241404
existing|conservative|top_full|cs_primary_peer_reviewed,conservative,full,cs_primary_peer_reviewed,2022,Other non-core,1033.0,3674.0,0.28116494284158955,243817.0,442696.0,0.5507549198547084,0.5105082727463645
existing|conservative|top_full|cs_primary_peer_reviewed,conservative,full,cs_primary_peer_reviewed,2023,South Korea,192.0,4862.0,0.03948992184286302,8810.0,488229.0,0.018044810939128974,2.1884364417047864
existing|conservative|top_full|cs_primary_peer_reviewed,conservative,full,cs_primary_peer_reviewed,2023,China,948.0,4862.0,0.19498148909913615,101558.0,488229.0,0.20801304305971174,0.9373522267215004
existing|conservative|top_full|cs_primary_peer_reviewed,conservative,full,cs_primary_peer_reviewed,2023,India,33.0,4862.0,0.006787330316742082,38768.0,488229.0,0.07940536100887084,0.08547697826074777
existing|conservative|top_full|cs_primary_peer_reviewed,conservative,full,cs_primary_peer_reviewed,2023,Core Anglophone,2446.0,4862.0,0.5030851501439737,84158.0,488229.0,0.17237402940013805,2.9185669784172883
existing|conservative|top_full|cs_primary_peer_reviewed,conservative,full,cs_primary_peer_reviewed,2023,Other non-core,1435.0,4862.0,0.2951460304401481,263745.0,488229.0,0.5402075665312793,0.5463567130969803
existing|conservative|top_full|cs_primary_peer_reviewed,conservative,full,cs_primary_peer_reviewed,2024,South Korea,228.0,6602.0,0.034534989397152376,9166.0,511902.0,0.017905771026485537,1.9287071942375187
existing|conservative|top_full|cs_primary_peer_reviewed,conservative,full,cs_primary_peer_reviewed,2024,China,1868.0,6602.0,0.28294456225386244,113225.0,511902.0,0.22118491430000273,1.279221791184603
existing|conservative|top_full|cs_primary_peer_reviewed,conservative,full,cs_primary_peer_reviewed,2024,India,32.0,6602.0,0.004847016055740685,42891.0,511902.0,0.08378752183035033,0.05784890100407471
existing|conservative|top_full|cs_primary_peer_reviewed,conservative,full,cs_primary_peer_reviewed,2024,Core Anglophone,2811.0,6602.0,0.4257800666464708,89505.0,511902.0,0.1748479201097085,2.4351451614598254
existing|conservative|top_full|cs_primary_peer_reviewed,conservative,full,cs_primary_peer_reviewed,2024,Other non-core,1891.0,6602.0,0.2864283550439261,266281.0,511902.0,0.5201796437599384,0.5506335330109766
existing|conservative|top_fractional|ai_primary_peer_reviewed,conservative,fractional,ai_primary_peer_reviewed,2018,South Korea,27.0,1435.0,0.018815331010452963,1207.0,86751.0,0.013913384283754654,1.352318790793542
existing|conservative|top_fractional|ai_primary_peer_reviewed,conservative,fractional,ai_primary_peer_reviewed,2018,China,103.5,1435.0,0.07212543554006969,13391.0,86751.0,0.15436133301057048,0.46725066526298153
existing|conservative|top_fractional|ai_primary_peer_reviewed,conservative,fractional,ai_primary_peer_reviewed,2018,India,12.0,1435.0,0.008362369337979094,4423.0,86751.0,0.05098500305471983,0.16401625648632703
existing|conservative|top_fractional|ai_primary_peer_reviewed,conservative,fractional,ai_primary_peer_reviewed,2018,Core Anglophone,949.5,1435.0,0.6616724738675959,22093.0,86751.0,0.2546714158914595,2.598141890213543
existing|conservative|top_fractional|ai_primary_peer_reviewed,conservative,fractional,ai_primary_peer_reviewed,2018,Other non-core,370.0,1435.0,0.2578397212543554,46844.0,86751.0,0.5399822480432502,0.47749666250825257
existing|conservative|top_fractional|ai_primary_peer_reviewed,conservative,fractional,ai_primary_peer_reviewed,2019,South Korea,37.5,1890.0,0.01984126984126984,1464.0,97572.0,0.015004304513589964,1.3223718449128286
existing|conservative|top_fractional|ai_primary_peer_reviewed,conservative,fractional,ai_primary_peer_reviewed,2019,China,148.0,1890.0,0.07830687830687831,16490.0,97572.0,0.16900340261550445,0.4633449806039254
existing|conservative|top_fractional|ai_primary_peer_reviewed,conservative,fractional,ai_primary_peer_reviewed,2019,India,16.0,1890.0,0.008465608465608466,4503.0,97572.0,0.04615053498954618,0.18343467670582927
existing|conservative|top_fractional|ai_primary_peer_reviewed,conservative,fractional,ai_primary_peer_reviewed,2019,Core Anglophone,1240.5,1890.0,0.6563492063492063,24509.0,97572.0,0.2511888656581806,2.612970939732538
existing|conservative|top_fractional|ai_primary_peer_reviewed,conservative,fractional,ai_primary_peer_reviewed,2019,Other non-core,485.5,1890.0,0.2568783068783069,52070.0,97572.0,0.5336571967367687,0.48135452580622545
existing|conservative|top_fractional|ai_primary_peer_reviewed,conservative,fractional,ai_primary_peer_reviewed,2020,South Korea,57.0,2562.0,0.02224824355971897,1750.0,108280.0,0.01616180273365349,1.3765941786550686
existing|conservative|top_fractional|ai_primary_peer_reviewed,conservative,fractional,ai_primary_peer_reviewed,2020,China,239.5,2562.0,0.0934816549570648,19078.0,108280.0,0.17619135574436645,0.5305689065285133
existing|conservative|top_fractional|ai_primary_peer_reviewed,conservative,fractional,ai_primary_peer_reviewed,2020,India,28.0,2562.0,0.01092896174863388,5542.0,108280.0,0.051182120428518656,0.21353085134285033
existing|conservative|top_fractional|ai_primary_peer_reviewed,conservative,fractional,ai_primary_peer_reviewed,2020,Core Anglophone,1630.5,2562.0,0.6364168618266979,26932.0,108280.0,0.24872552641300333,2.5587114881403106
existing|conservative|top_fractional|ai_primary_peer_reviewed,conservative,fractional,ai_primary_peer_reviewed,2020,Other non-core,664.0,2562.0,0.25917252146760345,56728.0,108280.0,0.5239009974141116,0.4946975148870417
existing|conservative|top_fractional|ai_primary_peer_reviewed,conservative,fractional,ai_primary_peer_reviewed,2021,South Korea,89.0,3101.0,0.028700419219606577,2171.0,125205.0,0.01733956311648896,1.6551985206774948
existing|conservative|top_fractional|ai_primary_peer_reviewed,conservative,fractional,ai_primary_peer_reviewed,2021,China,371.0,3101.0,0.11963882618510158,24861.0,125205.0,0.19856235773331735,0.6025252094648503
existing|conservative|top_fractional|ai_primary_peer_reviewed,conservative,fractional,ai_primary_peer_reviewed,2021,India,37.0,3101.0,0.011931634956465657,6384.0,125205.0,0.050988379058344316,0.23400694779515704
existing|conservative|top_fractional|ai_primary_peer_reviewed,conservative,fractional,ai_primary_peer_reviewed,2021,Core Anglophone,1787.5,3101.0,0.5764269590454693,30356.0,125205.0,0.24245038137454575,2.3775048559522984
existing|conservative|top_fractional|ai_primary_peer_reviewed,conservative,fractional,ai_primary_peer_reviewed,2021,Other non-core,905.5,3101.0,0.29200257981296357,63604.0,125205.0,0.5079988818337926,0.5748094931998318
existing|conservative|top_fractional|ai_primary_peer_reviewed,conservative,fractional,ai_primary_peer_reviewed,2022,South Korea,95.0,3604.0,0.026359600443951164,2378.0,128917.0,0.01844597686883809,1.4290162365150765
existing|conservative|top_fractional|ai_primary_peer_reviewed,conservative,fractional,ai_primary_peer_reviewed,2022,China,696.5,3604.0,0.19325749167591566,29057.0,128917.0,0.22539308237082775,0.8574242369956987
existing|conservative|top_fractional|ai_primary_peer_reviewed,conservative,fractional,ai_primary_peer_reviewed,2022,India,31.0,3604.0,0.008601553829078802,7653.0,128917.0,0.059363776693531496,0.14489566378980162
existing|conservative|top_fractional|ai_primary_peer_reviewed,conservative,fractional,ai_primary_peer_reviewed,2022,Core Anglophone,1878.3333333333333,3604.0,0.52118017018128,28079.0,128917.0,0.21780680592939644,2.3928553010883604
existing|conservative|top_fractional|ai_primary_peer_reviewed,conservative,fractional,ai_primary_peer_reviewed,2022,Other non-core,998.1666666666667,3604.0,0.2769607843137255,64128.0,128917.0,0.49743633500624435,0.5567763446758444
existing|conservative|top_fractional|ai_primary_peer_reviewed,conservative,fractional,ai_primary_peer_reviewed,2023,South Korea,190.5,4771.0,0.039928736114022215,2685.0,148488.0,0.01808226927428479,2.2081706398878698
existing|conservative|top_fractional|ai_primary_peer_reviewed,conservative,fractional,ai_primary_peer_reviewed,2023,China,929.5,4771.0,0.19482288828337874,33719.0,148488.0,0.22708232315069232,0.8579394713788173
existing|conservative|top_fractional|ai_primary_peer_reviewed,conservative,fractional,ai_primary_peer_reviewed,2023,India,32.5,4771.0,0.006811989100817439,10343.0,148488.0,0.06965546037390227,0.09779547883613843
existing|conservative|top_fractional|ai_primary_peer_reviewed,conservative,fractional,ai_primary_peer_reviewed,2023,Core Anglophone,2422.5,4771.0,0.5077551875916999,31779.0,148488.0,0.2140172943268143,2.3724960601377116
existing|conservative|top_fractional|ai_primary_peer_reviewed,conservative,fractional,ai_primary_peer_reviewed,2023,Other non-core,1386.5,4771.0,0.290609935024104,72647.0,148488.0,0.4892449221485911,0.593996834444081
existing|conservative|top_fractional|ai_primary_peer_reviewed,conservative,fractional,ai_primary_peer_reviewed,2024,South Korea,226.5,6444.0,0.03514897579143389,2920.0,161144.0,0.01812043886213573,1.9397419708680899
existing|conservative|top_fractional|ai_primary_peer_reviewed,conservative,fractional,ai_primary_peer_reviewed,2024,China,1830.0,6444.0,0.2839851024208566,38194.0,161144.0,0.23701782256863427,1.1981592748731873
existing|conservative|top_fractional|ai_primary_peer_reviewed,conservative,fractional,ai_primary_peer_reviewed,2024,India,31.5,6444.0,0.004888268156424581,12200.0,161144.0,0.07570868291714243,0.0645668101474494
existing|conservative|top_fractional|ai_primary_peer_reviewed,conservative,fractional,ai_primary_peer_reviewed,2024,Core Anglophone,2765.5,6444.0,0.42915890751086283,33125.0,161144.0,0.2055614853795363,2.0877398639073355
existing|conservative|top_fractional|ai_primary_peer_reviewed,conservative,fractional,ai_primary_peer_reviewed,2024,Other non-core,1817.0,6444.0,0.281967721911856,77625.0,161144.0,0.481712009134687,0.5853450122996988
existing|conservative|top_fractional|ai_primary_all_types,conservative,fractional,ai_primary_all_types,2018,South Korea,27.0,1435.0,0.018815331010452963,1375.0,105904.0,0.012983456715515939,1.449177320240735
existing|conservative|top_fractional|ai_primary_all_types,conservative,fractional,ai_primary_all_types,2018,China,103.5,1435.0,0.07212543554006969,14395.0,105904.0,0.13592498866898323,0.5306267541115346
existing|conservative|top_fractional|ai_primary_all_types,conservative,fractional,ai_primary_all_types,2018,India,12.0,1435.0,0.008362369337979094,5718.0,105904.0,0.053992294908596465,0.1548807909005488
existing|conservative|top_fractional|ai_primary_all_types,conservative,fractional,ai_primary_all_types,2018,Core Anglophone,949.5,1435.0,0.6616724738675959,29753.0,105904.0,0.2809431182958151,2.355183062967562
existing|conservative|top_fractional|ai_primary_all_types,conservative,fractional,ai_primary_all_types,2018,Other non-core,370.0,1435.0,0.2578397212543554,56038.0,105904.0,0.5291395981266053,0.48728109211108983
existing|conservative|top_fractional|ai_primary_all_types,conservative,fractional,ai_primary_all_types,2019,South Korea,37.5,1890.0,0.01984126984126984,2088.0,124714.0,0.01674230639703642,1.185097761965578
existing|conservative|top_fractional|ai_primary_all_types,conservative,fractional,ai_primary_all_types,2019,China,148.0,1890.0,0.07830687830687831,18341.0,124714.0,0.1470644835383357,0.532466278892319
existing|conservative|top_fractional|ai_primary_all_types,conservative,fractional,ai_primary_all_types,2019,India,16.0,1890.0,0.008465608465608466,5700.0,124714.0,0.04570457206087528,0.18522454283857795
existing|conservative|top_fractional|ai_primary_all_types,conservative,fractional,ai_primary_all_types,2019,Core Anglophone,1240.5,1890.0,0.6563492063492063,36089.0,124714.0,0.2893740879131453,2.2681685533163822
existing|conservative|top_fractional|ai_primary_all_types,conservative,fractional,ai_primary_all_types,2019,Other non-core,485.5,1890.0,0.2568783068783069,64584.0,124714.0,0.5178568564876437,0.4960411427601444
existing|conservative|top_fractional|ai_primary_all_types,conservative,fractional,ai_primary_all_types,2020,South Korea,57.0,2562.0,0.02224824355971897,2117.0,147035.0,0.01439793246505934,1.5452387774224272
existing|conservative|top_fractional|ai_primary_all_types,conservative,fractional,ai_primary_all_types,2020,China,239.5,2562.0,0.0934816549570648,21839.0,147035.0,0.14852926174040196,0.6293820750314585
existing|conservative|top_fractional|ai_primary_all_types,conservative,fractional,ai_primary_all_types,2020,India,28.0,2562.0,0.01092896174863388,8021.0,147035.0,0.05455163736525317,0.20034158966592477
existing|conservative|top_fractional|ai_primary_all_types,conservative,fractional,ai_primary_all_types,2020,Core Anglophone,1630.5,2562.0,0.6364168618266979,44850.0,147035.0,0.30502941476519196,2.086411444340881
existing|conservative|top_fractional|ai_primary_all_types,conservative,fractional,ai_primary_all_types,2020,Other non-core,664.0,2562.0,0.25917252146760345,72325.0,147035.0,0.4918896861291529,0.5268915547043079
existing|conservative|top_fractional|ai_primary_all_types,conservative,fractional,ai_primary_all_types,2021,South Korea,89.0,3101.0,0.028700419219606577,2600.0,161608.0,0.01608831245977922,1.7839297497085307
existing|conservative|top_fractional|ai_primary_all_types,conservative,fractional,ai_primary_all_types,2021,China,371.0,3101.0,0.11963882618510158,27690.0,161608.0,0.17134052769664868,0.6982517667794113
existing|conservative|top_fractional|ai_primary_all_types,conservative,fractional,ai_primary_all_types,2021,India,37.0,3101.0,0.011931634956465657,8655.0,161608.0,0.05355551705361121,0.22279002449965357
existing|conservative|top_fractional|ai_primary_all_types,conservative,fractional,ai_primary_all_types,2021,Core Anglophone,1787.5,3101.0,0.5764269590454693,45523.0,161608.0,0.2816877877332805,2.0463327987483293
existing|conservative|top_fractional|ai_primary_all_types,conservative,fractional,ai_primary_all_types,2021,Other non-core,905.5,3101.0,0.29200257981296357,79740.0,161608.0,0.49341616751645956,0.5917977541812568
existing|conservative|top_fractional|ai_primary_all_types,conservative,fractional,ai_primary_all_types,2022,South Korea,95.0,3604.0,0.026359600443951164,2671.0,156801.0,0.01703433013820065,1.547439801277419
existing|conservative|top_fractional|ai_primary_all_types,conservative,fractional,ai_primary_all_types,2022,China,696.5,3604.0,0.19325749167591566,31453.0,156801.0,0.200591832960249,0.9634364910270959
existing|conservative|top_fractional|ai_primary_all_types,conservative,fractional,ai_primary_all_types,2022,India,31.0,3604.0,0.008601553829078802,10079.0,156801.0,0.06427892679255873,0.13381607718557248
existing|conservative|top_fractional|ai_primary_all_types,conservative,fractional,ai_primary_all_types,2022,Core Anglophone,1878.3333333333333,3604.0,0.52118017018128,37029.0,156801.0,0.23615283065796774,2.20696135095722
existing|conservative|top_fractional|ai_primary_all_types,conservative,fractional,ai_primary_all_types,2022,Other non-core,998.1666666666667,3604.0,0.2769607843137255,78240.0,156801.0,0.49897640958922457,0.5550578724587995
existing|conservative|top_fractional|ai_primary_all_types,conservative,fractional,ai_primary_all_types,2023,South Korea,190.5,4771.0,0.039928736114022215,3100.0,183066.0,0.016933783444222302,2.357933550145029
existing|conservative|top_fractional|ai_primary_all_types,conservative,fractional,ai_primary_all_types,2023,China,929.5,4771.0,0.19482288828337874,37550.0,183066.0,0.20511728010662822,0.9498121668837552
existing|conservative|top_fractional|ai_primary_all_types,conservative,fractional,ai_primary_all_types,2023,India,32.5,4771.0,0.006811989100817439,12506.0,183066.0,0.06831415992046584,0.09971562423878501
existing|conservative|top_fractional|ai_primary_all_types,conservative,fractional,ai_primary_all_types,2023,Core Anglophone,2422.5,4771.0,0.5077551875916999,41777.0,183066.0,0.2282073132094436,2.2249733387189634
existing|conservative|top_fractional|ai_primary_all_types,conservative,fractional,ai_primary_all_types,2023,Other non-core,1386.5,4771.0,0.290609935024104,91233.0,183066.0,0.4983612467634624,0.5831310859570837
existing|conservative|top_fractional|ai_primary_all_types,conservative,fractional,ai_primary_all_types,2024,South Korea,226.5,6444.0,0.03514897579143389,3266.0,191316.0,0.01707123293399402,2.058959415956511
existing|conservative|top_fractional|ai_primary_all_types,conservative,fractional,ai_primary_all_types,2024,China,1830.0,6444.0,0.2839851024208566,41725.0,191316.0,0.21809467059733634,1.3021184866326807
existing|conservative|top_fractional|ai_primary_all_types,conservative,fractional,ai_primary_all_types,2024,India,31.5,6444.0,0.004888268156424581,14691.0,191316.0,0.07678918647682369,0.06365828810935438
existing|conservative|top_fractional|ai_primary_all_types,conservative,fractional,ai_primary_all_types,2024,Core Anglophone,2765.5,6444.0,0.42915890751086283,41967.0,191316.0,0.2193595935520291,1.956417317162252
existing|conservative|top_fractional|ai_primary_all_types,conservative,fractional,ai_primary_all_types,2024,Other non-core,1817.0,6444.0,0.281967721911856,92933.0,191316.0,0.48575654937381085,0.5804712716181404
existing|conservative|top_fractional|cs_primary_peer_reviewed,conservative,fractional,cs_primary_peer_reviewed,2018,South Korea,27.0,1435.0,0.018815331010452963,6396.0,331796.0,0.01927690508625782,0.976055592236437
existing|conservative|top_fractional|cs_primary_peer_reviewed,conservative,fractional,cs_primary_peer_reviewed,2018,China,103.5,1435.0,0.07212543554006969,52989.0,331796.0,0.15970355278544648,0.4516207328021469
existing|conservative|top_fractional|cs_primary_peer_reviewed,conservative,fractional,cs_primary_peer_reviewed,2018,India,12.0,1435.0,0.008362369337979094,20310.0,331796.0,0.06121231117915828,0.13661254046598284
existing|conservative|top_fractional|cs_primary_peer_reviewed,conservative,fractional,cs_primary_peer_reviewed,2018,Core Anglophone,949.5,1435.0,0.6616724738675959,73610.0,331796.0,0.22185318689797345,2.9824790128973353
existing|conservative|top_fractional|cs_primary_peer_reviewed,conservative,fractional,cs_primary_peer_reviewed,2018,Other non-core,370.0,1435.0,0.2578397212543554,184887.0,331796.0,0.5572309491374218,0.4627160814622451
existing|conservative|top_fractional|cs_primary_peer_reviewed,conservative,fractional,cs_primary_peer_reviewed,2019,South Korea,37.5,1890.0,0.01984126984126984,6742.0,362243.0,0.01861181582528855,1.0660577144928969
existing|conservative|top_fractional|cs_primary_peer_reviewed,conservative,fractional,cs_primary_peer_reviewed,2019,China,148.0,1890.0,0.07830687830687831,60553.0,362243.0,0.16716127019707766,0.4684510844800178
existing|conservative|top_fractional|cs_primary_peer_reviewed,conservative,fractional,cs_primary_peer_reviewed,2019,India,16.0,1890.0,0.008465608465608466,20123.0,362243.0,0.055551107957917754,0.15239315248260238
existing|conservative|top_fractional|cs_primary_peer_reviewed,conservative,fractional,cs_primary_peer_reviewed,2019,Core Anglophone,1240.5,1890.0,0.6563492063492063,78090.0,362243.0,0.21557352385001227,3.0446652011212136
existing|conservative|top_fractional|cs_primary_peer_reviewed,conservative,fractional,cs_primary_peer_reviewed,2019,Other non-core,485.5,1890.0,0.2568783068783069,203477.0,362243.0,0.5617140979949923,0.4573114824698542
existing|conservative|top_fractional|cs_primary_peer_reviewed,conservative,fractional,cs_primary_peer_reviewed,2020,South Korea,57.0,2562.0,0.02224824355971897,7331.0,387976.0,0.01889549869064066,1.1774361674158405
existing|conservative|top_fractional|cs_primary_peer_reviewed,conservative,fractional,cs_primary_peer_reviewed,2020,China,239.5,2562.0,0.0934816549570648,65395.0,387976.0,0.16855424046848258,0.5546087401731352
existing|conservative|top_fractional|cs_primary_peer_reviewed,conservative,fractional,cs_primary_peer_reviewed,2020,India,28.0,2562.0,0.01092896174863388,22615.0,387976.0,0.0582896880219395,0.1874939139238549
existing|conservative|top_fractional|cs_primary_peer_reviewed,conservative,fractional,cs_primary_peer_reviewed,2020,Core Anglophone,1630.5,2562.0,0.6364168618266979,80963.0,387976.0,0.20868043384126853,3.049719852081506
existing|conservative|top_fractional|cs_primary_peer_reviewed,conservative,fractional,cs_primary_peer_reviewed,2020,Other non-core,664.0,2562.0,0.25917252146760345,219003.0,387976.0,0.5644756376683093,0.4591385423437803
existing|conservative|top_fractional|cs_primary_peer_reviewed,conservative,fractional,cs_primary_peer_reviewed,2021,South Korea,89.0,3101.0,0.028700419219606577,7994.0,431798.0,0.018513286305170473,1.5502606477592795
existing|conservative|top_fractional|cs_primary_peer_reviewed,conservative,fractional,cs_primary_peer_reviewed,2021,China,371.0,3101.0,0.11963882618510158,78876.0,431798.0,0.18266874788674334,0.6549496154606533
existing|conservative|top_fractional|cs_primary_peer_reviewed,conservative,fractional,cs_primary_peer_reviewed,2021,India,37.0,3101.0,0.011931634956465657,26445.0,431798.0,0.06124391497876322,0.1948215583638479
existing|conservative|top_fractional|cs_primary_peer_reviewed,conservative,fractional,cs_primary_peer_reviewed,2021,Core Anglophone,1787.5,3101.0,0.5764269590454693,83140.0,431798.0,0.19254373572828035,2.993745586503675
existing|conservative|top_fractional|cs_primary_peer_reviewed,conservative,fractional,cs_primary_peer_reviewed,2021,Other non-core,905.5,3101.0,0.29200257981296357,243337.0,431798.0,0.5635436014062131,0.5181543701043329
existing|conservative|top_fractional|cs_primary_peer_reviewed,conservative,fractional,cs_primary_peer_reviewed,2022,South Korea,95.0,3604.0,0.026359600443951164,8446.0,442696.0,0.019078555035509696,1.381635055426877
existing|conservative|top_fractional|cs_primary_peer_reviewed,conservative,fractional,cs_primary_peer_reviewed,2022,China,696.5,3604.0,0.19325749167591566,90066.0,442696.0,0.20344886784610658,0.9499069408540532
existing|conservative|top_fractional|cs_primary_peer_reviewed,conservative,fractional,cs_primary_peer_reviewed,2022,India,31.0,3604.0,0.008601553829078802,30820.0,442696.0,0.06961888067658167,0.12355202705768556
existing|conservative|top_fractional|cs_primary_peer_reviewed,conservative,fractional,cs_primary_peer_reviewed,2022,Core Anglophone,1878.3333333333333,3604.0,0.52118017018128,77993.0,442696.0,0.17617733162260332,2.958270314240662
existing|conservative|top_fractional|cs_primary_peer_reviewed,conservative,fractional,cs_primary_peer_reviewed,2022,Other non-core,998.1666666666667,3604.0,0.2769607843137255,243817.0,442696.0,0.5507549198547084,0.5028748256788864
existing|conservative|top_fractional|cs_primary_peer_reviewed,conservative,fractional,cs_primary_peer_reviewed,2023,South Korea,190.5,4771.0,0.039928736114022215,8810.0,488229.0,0.018044810939128974,2.2127544726688937
existing|conservative|top_fractional|cs_primary_peer_reviewed,conservative,fractional,cs_primary_peer_reviewed,2023,China,929.5,4771.0,0.19482288828337874,101558.0,488229.0,0.20801304305971174,0.9365897706109387
existing|conservative|top_fractional|cs_primary_peer_reviewed,conservative,fractional,cs_primary_peer_reviewed,2023,India,32.5,4771.0,0.006811989100817439,38768.0,488229.0,0.07940536100887084,0.08578752132436537
existing|conservative|top_fractional|cs_primary_peer_reviewed,conservative,fractional,cs_primary_peer_reviewed,2023,Core Anglophone,2422.5,4771.0,0.5077551875916999,84158.0,488229.0,0.17237402940013805,2.945659443935313
existing|conservative|top_fractional|cs_primary_peer_reviewed,conservative,fractional,cs_primary_peer_reviewed,2023,Other non-core,1386.5,4771.0,0.290609935024104,263745.0,488229.0,0.5402075665312793,0.5379597640405819
existing|conservative|top_fractional|cs_primary_peer_reviewed,conservative,fractional,cs_primary_peer_reviewed,2024,South Korea,226.5,6444.0,0.03514897579143389,9166.0,511902.0,0.017905771026485537,1.9629970549407147
existing|conservative|top_fractional|cs_primary_peer_reviewed,conservative,fractional,cs_primary_peer_reviewed,2024,China,1830.0,6444.0,0.2839851024208566,113225.0,511902.0,0.22118491430000273,1.2839261814920853
existing|conservative|top_fractional|cs_primary_peer_reviewed,conservative,fractional,cs_primary_peer_reviewed,2024,India,31.5,6444.0,0.004888268156424581,42891.0,511902.0,0.08378752183035033,0.05834124282040652
existing|conservative|top_fractional|cs_primary_peer_reviewed,conservative,fractional,cs_primary_peer_reviewed,2024,Core Anglophone,2765.5,6444.0,0.42915890751086283,89505.0,511902.0,0.1748479201097085,2.4544696170339724
existing|conservative|top_fractional|cs_primary_peer_reviewed,conservative,fractional,cs_primary_peer_reviewed,2024,Other non-core,1817.0,6444.0,0.281967721911856,266281.0,511902.0,0.5201796437599384,0.5420583548286318
existing|sensitivity|top_full|ai_primary_peer_reviewed,sensitivity,full,ai_primary_peer_reviewed,2018,South Korea,28.0,1531.0,0.018288700195950358,1207.0,86751.0,0.013913384283754654,1.314468128168094
existing|sensitivity|top_full|ai_primary_peer_reviewed,sensitivity,full,ai_primary_peer_reviewed,2018,China,114.0,1531.0,0.07446113651208361,13391.0,86751.0,0.15436133301057048,0.48238205164362374
existing|sensitivity|top_full|ai_primary_peer_reviewed,sensitivity,full,ai_primary_peer_reviewed,2018,India,13.0,1531.0,0.008491182233834096,4423.0,86751.0,0.05098500305471983,0.1665427424750942
existing|sensitivity|top_full|ai_primary_peer_reviewed,sensitivity,full,ai_primary_peer_reviewed,2018,Core Anglophone,1014.0,1531.0,0.6623122142390594,22093.0,86751.0,0.2546714158914595,2.6006539128888173
existing|sensitivity|top_full|ai_primary_peer_reviewed,sensitivity,full,ai_primary_peer_reviewed,2018,Other non-core,390.0,1531.0,0.25473546701502287,46844.0,86751.0,0.5399822480432502,0.4717478545602478
existing|sensitivity|top_full|ai_primary_peer_reviewed,sensitivity,full,ai_primary_peer_reviewed,2019,South Korea,38.0,2034.0,0.018682399213372666,1464.0,97572.0,0.015004304513589964,1.2451359672453537
existing|sensitivity|top_full|ai_primary_peer_reviewed,sensitivity,full,ai_primary_peer_reviewed,2019,China,152.0,2034.0,0.07472959685349066,16490.0,97572.0,0.16900340261550445,0.44217806089683387
existing|sensitivity|top_full|ai_primary_peer_reviewed,sensitivity,full,ai_primary_peer_reviewed,2019,India,16.0,2034.0,0.007866273352999017,4503.0,97572.0,0.04615053498954618,0.1704481509213458
existing|sensitivity|top_full|ai_primary_peer_reviewed,sensitivity,full,ai_primary_peer_reviewed,2019,Core Anglophone,1345.0,2034.0,0.6612586037364798,24509.0,97572.0,0.2511888656581806,2.632515585449256
existing|sensitivity|top_full|ai_primary_peer_reviewed,sensitivity,full,ai_primary_peer_reviewed,2019,Other non-core,521.0,2034.0,0.2561455260570305,52070.0,97572.0,0.5336571967367687,0.47998139559125375
existing|sensitivity|top_full|ai_primary_peer_reviewed,sensitivity,full,ai_primary_peer_reviewed,2020,South Korea,63.0,2761.0,0.022817819630568635,1750.0,108280.0,0.01616180273365349,1.411836291198841
existing|sensitivity|top_full|ai_primary_peer_reviewed,sensitivity,full,ai_primary_peer_reviewed,2020,China,257.0,2761.0,0.09308221658819268,19078.0,108280.0,0.17619135574436645,0.5283018352117362
existing|sensitivity|top_full|ai_primary_peer_reviewed,sensitivity,full,ai_primary_peer_reviewed,2020,India,30.0,2761.0,0.010865628395508874,5542.0,108280.0,0.051182120428518656,0.21229343967262737
existing|sensitivity|top_full|ai_primary_peer_reviewed,sensitivity,full,ai_primary_peer_reviewed,2020,Core Anglophone,1766.0,2761.0,0.639623324882289,26932.0,108280.0,0.24872552641300333,2.5716030602351942
existing|sensitivity|top_full|ai_primary_peer_reviewed,sensitivity,full,ai_primary_peer_reviewed,2020,Other non-core,708.0,2761.0,0.2564288301340094,56728.0,108280.0,0.5239009974141116,0.48946047325677866
existing|sensitivity|top_full|ai_primary_peer_reviewed,sensitivity,full,ai_primary_peer_reviewed,2021,South Korea,95.0,3305.0,0.028744326777609682,2171.0,125205.0,0.01733956311648896,1.657730738917835
existing|sensitivity|top_full|ai_primary_peer_reviewed,sensitivity,full,ai_primary_peer_reviewed,2021,China,392.0,3305.0,0.11860816944024205,24861.0,125205.0,0.19856235773331735,0.5973346146480635
existing|sensitivity|top_full|ai_primary_peer_reviewed,sensitivity,full,ai_primary_peer_reviewed,2021,India,39.0,3305.0,0.011800302571860818,6384.0,125205.0,0.050988379058344316,0.2314312160886331
existing|sensitivity|top_full|ai_primary_peer_reviewed,sensitivity,full,ai_primary_peer_reviewed,2021,Core Anglophone,1918.0,3305.0,0.5803328290468986,30356.0,125205.0,0.24245038137454575,2.3936148326794355
existing|sensitivity|top_full|ai_primary_peer_reviewed,sensitivity,full,ai_primary_peer_reviewed,2021,Other non-core,956.0,3305.0,0.2892586989409985,63604.0,125205.0,0.5079988818337926,0.5694081410116929
existing|sensitivity|top_full|ai_primary_peer_reviewed,sensitivity,full,ai_primary_peer_reviewed,2022,South Korea,104.0,3855.0,0.026977950713359275,2378.0,128917.0,0.01844597686883809,1.46253846598576
existing|sensitivity|top_full|ai_primary_peer_reviewed,sensitivity,full,ai_primary_peer_reviewed,2022,China,726.0,3855.0,0.18832684824902723,29057.0,128917.0,0.22539308237082775,0.835548483866877
existing|sensitivity|top_full|ai_primary_peer_reviewed,sensitivity,full,ai_primary_peer_reviewed,2022,India,32.0,3855.0,0.008300907911802853,7653.0,128917.0,0.059363776693531496,0.13983119629764648
existing|sensitivity|top_full|ai_primary_peer_reviewed,sensitivity,full,ai_primary_peer_reviewed,2022,Core Anglophone,2015.0,3855.0,0.522697795071336,28079.0,128917.0,0.21780680592939644,2.3998230580580295
existing|sensitivity|top_full|ai_primary_peer_reviewed,sensitivity,full,ai_primary_peer_reviewed,2022,Other non-core,1082.0,3855.0,0.280674448767834,64128.0,128917.0,0.49743633500624435,0.5642419522174846
existing|sensitivity|top_full|ai_primary_peer_reviewed,sensitivity,full,ai_primary_peer_reviewed,2023,South Korea,206.0,5095.0,0.04043179587831207,2685.0,148488.0,0.01808226927428479,2.235991250047971
existing|sensitivity|top_full|ai_primary_peer_reviewed,sensitivity,full,ai_primary_peer_reviewed,2023,China,962.0,5095.0,0.1888125613346418,33719.0,148488.0,0.22708232315069232,0.8314718588172333
existing|sensitivity|top_full|ai_primary_peer_reviewed,sensitivity,full,ai_primary_peer_reviewed,2023,India,36.0,5095.0,0.0070657507360157015,10343.0,148488.0,0.06965546037390227,0.1014385763598085
existing|sensitivity|top_full|ai_primary_peer_reviewed,sensitivity,full,ai_primary_peer_reviewed,2023,Core Anglophone,2588.0,5095.0,0.5079489695780177,31779.0,148488.0,0.2140172943268143,2.373401510264662
existing|sensitivity|top_full|ai_primary_peer_reviewed,sensitivity,full,ai_primary_peer_reviewed,2023,Other non-core,1509.0,5095.0,0.2961727183513248,72647.0,148488.0,0.4892449221485911,0.6053669745832797
existing|sensitivity|top_full|ai_primary_peer_reviewed,sensitivity,full,ai_primary_peer_reviewed,2024,South Korea,243.0,6845.0,0.03550036523009496,2920.0,161144.0,0.01812043886213573,1.9591338543282268
existing|sensitivity|top_full|ai_primary_peer_reviewed,sensitivity,full,ai_primary_peer_reviewed,2024,China,1898.0,6845.0,0.27728268809349893,38194.0,161144.0,0.23701782256863427,1.1698811721772737
existing|sensitivity|top_full|ai_primary_peer_reviewed,sensitivity,full,ai_primary_peer_reviewed,2024,India,36.0,6845.0,0.005259313367421476,12200.0,161144.0,0.07570868291714243,0.06946776994096446
existing|sensitivity|top_full|ai_primary_peer_reviewed,sensitivity,full,ai_primary_peer_reviewed,2024,Core Anglophone,2956.0,6845.0,0.4318480642804967,33125.0,161144.0,0.2055614853795363,2.100821870805022
existing|sensitivity|top_full|ai_primary_peer_reviewed,sensitivity,full,ai_primary_peer_reviewed,2024,Other non-core,1955.0,6845.0,0.2856099342585829,77625.0,161144.0,0.481712009134687,0.5929059870681492
existing|sensitivity|top_full|ai_primary_all_types,sensitivity,full,ai_primary_all_types,2018,South Korea,28.0,1531.0,0.018288700195950358,1375.0,105904.0,0.012983456715515939,1.4086156404014012
existing|sensitivity|top_full|ai_primary_all_types,sensitivity,full,ai_primary_all_types,2018,China,114.0,1531.0,0.07446113651208361,14395.0,105904.0,0.13592498866898323,0.547810503728774
existing|sensitivity|top_full|ai_primary_all_types,sensitivity,full,ai_primary_all_types,2018,India,13.0,1531.0,0.008491182233834096,5718.0,105904.0,0.053992294908596465,0.15726655531513922
existing|sensitivity|top_full|ai_primary_all_types,sensitivity,full,ai_primary_all_types,2018,Core Anglophone,1014.0,1531.0,0.6623122142390594,29753.0,105904.0,0.2809431182958151,2.357460180041453
existing|sensitivity|top_full|ai_primary_all_types,sensitivity,full,ai_primary_all_types,2018,Other non-core,390.0,1531.0,0.25473546701502287,56038.0,105904.0,0.5291395981266053,0.48141448479173027
existing|sensitivity|top_full|ai_primary_all_types,sensitivity,full,ai_primary_all_types,2019,South Korea,38.0,2034.0,0.018682399213372666,2088.0,124714.0,0.01674230639703642,1.1158796625941372
existing|sensitivity|top_full|ai_primary_all_types,sensitivity,full,ai_primary_all_types,2019,China,152.0,2034.0,0.07472959685349066,18341.0,124714.0,0.1470644835383357,0.5081417012151047
existing|sensitivity|top_full|ai_primary_all_types,sensitivity,full,ai_primary_all_types,2019,India,16.0,2034.0,0.007866273352999017,5700.0,124714.0,0.04570457206087528,0.17211130086770515
existing|sensitivity|top_full|ai_primary_all_types,sensitivity,full,ai_primary_all_types,2019,Core Anglophone,1345.0,2034.0,0.6612586037364798,36089.0,124714.0,0.2893740879131453,2.28513412691932
existing|sensitivity|top_full|ai_primary_all_types,sensitivity,full,ai_primary_all_types,2019,Other non-core,521.0,2034.0,0.2561455260570305,64584.0,124714.0,0.5178568564876437,0.4946261169434613
existing|sensitivity|top_full|ai_primary_all_types,sensitivity,full,ai_primary_all_types,2020,South Korea,63.0,2761.0,0.022817819630568635,2117.0,147035.0,0.01439793246505934,1.584798351148162
existing|sensitivity|top_full|ai_primary_all_types,sensitivity,full,ai_primary_all_types,2020,China,257.0,2761.0,0.09308221658819268,21839.0,147035.0,0.14852926174040196,0.6266927842870511
existing|sensitivity|top_full|ai_primary_all_types,sensitivity,full,ai_primary_all_types,2020,India,30.0,2761.0,0.010865628395508874,8021.0,147035.0,0.05455163736525317,0.19918060979100455
existing|sensitivity|top_full|ai_primary_all_types,sensitivity,full,ai_primary_all_types,2020,Core Anglophone,1766.0,2761.0,0.639623324882289,44850.0,147035.0,0.30502941476519196,2.0969234241709556
existing|sensitivity|top_full|ai_primary_all_types,sensitivity,full,ai_primary_all_types,2020,Other non-core,708.0,2761.0,0.2564288301340094,72325.0,147035.0,0.4918896861291529,0.5213136956619989
existing|sensitivity|top_full|ai_primary_all_types,sensitivity,full,ai_primary_all_types,2021,South Korea,95.0,3305.0,0.028744326777609682,2600.0,161608.0,0.01608831245977922,1.7866589084138251
existing|sensitivity|top_full|ai_primary_all_types,sensitivity,full,ai_primary_all_types,2021,China,392.0,3305.0,0.11860816944024205,27690.0,161608.0,0.17134052769664868,0.6922365130696511
existing|sensitivity|top_full|ai_primary_all_types,sensitivity,full,ai_primary_all_types,2021,India,39.0,3305.0,0.011800302571860818,8655.0,161608.0,0.05355551705361121,0.2203377582938513
existing|sensitivity|top_full|ai_primary_all_types,sensitivity,full,ai_primary_all_types,2021,Core Anglophone,1918.0,3305.0,0.5803328290468986,45523.0,161608.0,0.2816877877332805,2.060198753083303
existing|sensitivity|top_full|ai_primary_all_types,sensitivity,full,ai_primary_all_types,2021,Other non-core,956.0,3305.0,0.2892586989409985,79740.0,161608.0,0.49341616751645956,0.5862367672241897
existing|sensitivity|top_full|ai_primary_all_types,sensitivity,full,ai_primary_all_types,2022,South Korea,104.0,3855.0,0.026977950713359275,2671.0,156801.0,0.01703433013820065,1.5837400411102387
existing|sensitivity|top_full|ai_primary_all_types,sensitivity,full,ai_primary_all_types,2022,China,726.0,3855.0,0.18832684824902723,31453.0,156801.0,0.200591832960249,0.9388560115822249
existing|sensitivity|top_full|ai_primary_all_types,sensitivity,full,ai_primary_all_types,2022,India,32.0,3855.0,0.008300907911802853,10079.0,156801.0,0.06427892679255873,0.12913886908211122
existing|sensitivity|top_full|ai_primary_all_types,sensitivity,full,ai_primary_all_types,2022,Core Anglophone,2015.0,3855.0,0.522697795071336,37029.0,156801.0,0.23615283065796774,2.213387803207771
existing|sensitivity|top_full|ai_primary_all_types,sensitivity,full,ai_primary_all_types,2022,Other non-core,1082.0,3855.0,0.280674448767834,78240.0,156801.0,0.49897640958922457,0.5625004376437261
existing|sensitivity|top_full|ai_primary_all_types,sensitivity,full,ai_primary_all_types,2023,South Korea,206.0,5095.0,0.04043179587831207,3100.0,183066.0,0.016933783444222302,2.3876410142771216
existing|sensitivity|top_full|ai_primary_all_types,sensitivity,full,ai_primary_all_types,2023,China,962.0,5095.0,0.1888125613346418,37550.0,183066.0,0.20511728010662822,0.9205102624044617
existing|sensitivity|top_full|ai_primary_all_types,sensitivity,full,ai_primary_all_types,2023,India,36.0,5095.0,0.0070657507360157015,12506.0,183066.0,0.06831415992046584,0.10343025141847517
existing|sensitivity|top_full|ai_primary_all_types,sensitivity,full,ai_primary_all_types,2023,Core Anglophone,2588.0,5095.0,0.5079489695780177,41777.0,183066.0,0.2282073132094436,2.225822487607281
existing|sensitivity|top_full|ai_primary_all_types,sensitivity,full,ai_primary_all_types,2023,Other non-core,1509.0,5095.0,0.2961727183513248,91233.0,183066.0,0.4983612467634624,0.5942932366326178
existing|sensitivity|top_full|ai_primary_all_types,sensitivity,full,ai_primary_all_types,2024,South Korea,243.0,6845.0,0.03550036523009496,3266.0,191316.0,0.01707123293399402,2.0795431336071184
existing|sensitivity|top_full|ai_primary_all_types,sensitivity,full,ai_primary_all_types,2024,China,1898.0,6845.0,0.27728268809349893,41725.0,191316.0,0.21809467059733634,1.271386812589475
existing|sensitivity|top_full|ai_primary_all_types,sensitivity,full,ai_primary_all_types,2024,India,36.0,6845.0,0.005259313367421476,14691.0,191316.0,0.07678918647682369,0.06849028631145647
existing|sensitivity|top_full|ai_primary_all_types,sensitivity,full,ai_primary_all_types,2024,Core Anglophone,2956.0,6845.0,0.4318480642804967,41967.0,191316.0,0.2193595935520291,1.9686764425831607
existing|sensitivity|top_full|ai_primary_all_types,sensitivity,full,ai_primary_all_types,2024,Other non-core,1955.0,6845.0,0.2856099342585829,92933.0,191316.0,0.48575654937381085,0.587969291668353
existing|sensitivity|top_full|cs_primary_peer_reviewed,sensitivity,full,cs_primary_peer_reviewed,2018,South Korea,28.0,1531.0,0.018288700195950358,6396.0,331796.0,0.01927690508625782,0.9487363305527744
existing|sensitivity|top_full|cs_primary_peer_reviewed,sensitivity,full,cs_primary_peer_reviewed,2018,China,114.0,1531.0,0.07446113651208361,52989.0,331796.0,0.15970355278544648,0.46624596142903796
existing|sensitivity|top_full|cs_primary_peer_reviewed,sensitivity,full,cs_primary_peer_reviewed,2018,India,13.0,1531.0,0.008491182233834096,20310.0,331796.0,0.06121231117915828,0.13871690302595854
existing|sensitivity|top_full|cs_primary_peer_reviewed,sensitivity,full,cs_primary_peer_reviewed,2018,Core Anglophone,1014.0,1531.0,0.6623122142390594,73610.0,331796.0,0.22185318689797345,2.9853626332789425
existing|sensitivity|top_full|cs_primary_peer_reviewed,sensitivity,full,cs_primary_peer_reviewed,2018,Other non-core,390.0,1531.0,0.25473546701502287,184887.0,331796.0,0.5572309491374218,0.45714522391361495
existing|sensitivity|top_full|cs_primary_peer_reviewed,sensitivity,full,cs_primary_peer_reviewed,2019,South Korea,38.0,2034.0,0.018682399213372666,6742.0,362243.0,0.01861181582528855,1.0037923966552587
existing|sensitivity|top_full|cs_primary_peer_reviewed,sensitivity,full,cs_primary_peer_reviewed,2019,China,152.0,2034.0,0.07472959685349066,60553.0,362243.0,0.16716127019707766,0.4470509033904021
existing|sensitivity|top_full|cs_primary_peer_reviewed,sensitivity,full,cs_primary_peer_reviewed,2019,India,16.0,2034.0,0.007866273352999017,20123.0,362243.0,0.055551107957917754,0.14160425673162166
existing|sensitivity|top_full|cs_primary_peer_reviewed,sensitivity,full,cs_primary_peer_reviewed,2019,Core Anglophone,1345.0,2034.0,0.6612586037364798,78090.0,362243.0,0.21557352385001227,3.067438857642639
existing|sensitivity|top_full|cs_primary_peer_reviewed,sensitivity,full,cs_primary_peer_reviewed,2019,Other non-core,521.0,2034.0,0.2561455260570305,203477.0,362243.0,0.5617140979949923,0.4560069383540985
existing|sensitivity|top_full|cs_primary_peer_reviewed,sensitivity,full,cs_primary_peer_reviewed,2020,South Korea,63.0,2761.0,0.022817819630568635,7331.0,387976.0,0.01889549869064066,1.2075796465679303
existing|sensitivity|top_full|cs_primary_peer_reviewed,sensitivity,full,cs_primary_peer_reviewed,2020,China,257.0,2761.0,0.09308221658819268,65395.0,387976.0,0.16855424046848258,0.5522389488954912
existing|sensitivity|top_full|cs_primary_peer_reviewed,sensitivity,full,cs_primary_peer_reviewed,2020,India,30.0,2761.0,0.010865628395508874,22615.0,387976.0,0.0582896880219395,0.1864073863531263
existing|sensitivity|top_full|cs_primary_peer_reviewed,sensitivity,full,cs_primary_peer_reviewed,2020,Core Anglophone,1766.0,2761.0,0.639623324882289,80963.0,387976.0,0.20868043384126853,3.0650852746875854
existing|sensitivity|top_full|cs_primary_peer_reviewed,sensitivity,full,cs_primary_peer_reviewed,2020,Other non-core,708.0,2761.0,0.2564288301340094,219003.0,387976.0,0.5644756376683093,0.45427794048516434
existing|sensitivity|top_full|cs_primary_peer_reviewed,sensitivity,full,cs_primary_peer_reviewed,2021,South Korea,95.0,3305.0,0.028744326777609682,7994.0,431798.0,0.018513286305170473,1.5526323259842765
existing|sensitivity|top_full|cs_primary_peer_reviewed,sensitivity,full,cs_primary_peer_reviewed,2021,China,392.0,3305.0,0.11860816944024205,78876.0,431798.0,0.18266874788674334,0.6493073982955225
existing|sensitivity|top_full|cs_primary_peer_reviewed,sensitivity,full,cs_primary_peer_reviewed,2021,India,39.0,3305.0,0.011800302571860818,26445.0,431798.0,0.06124391497876322,0.19267714312438486
existing|sensitivity|top_full|cs_primary_peer_reviewed,sensitivity,full,cs_primary_peer_reviewed,2021,Core Anglophone,1918.0,3305.0,0.5803328290468986,83140.0,431798.0,0.19254373572828035,3.014031211411989
existing|sensitivity|top_full|cs_primary_peer_reviewed,sensitivity,full,cs_primary_peer_reviewed,2021,Other non-core,956.0,3305.0,0.2892586989409985,243337.0,431798.0,0.5635436014062131,0.5132853930365101
existing|sensitivity|top_full|cs_primary_peer_reviewed,sensitivity,full,cs_primary_peer_reviewed,2022,South Korea,104.0,3855.0,0.026977950713359275,8446.0,442696.0,0.019078555035509696,1.4140458049966016
existing|sensitivity|top_full|cs_primary_peer_reviewed,sensitivity,full,cs_primary_peer_reviewed,2022,China,726.0,3855.0,0.18832684824902723,90066.0,442696.0,0.20344886784610658,0.9256716453761837
existing|sensitivity|top_full|cs_primary_peer_reviewed,sensitivity,full,cs_primary_peer_reviewed,2022,India,32.0,3855.0,0.008300907911802853,30820.0,442696.0,0.06961888067658167,0.11923357329407774
existing|sensitivity|top_full|cs_primary_peer_reviewed,sensitivity,full,cs_primary_peer_reviewed,2022,Core Anglophone,2015.0,3855.0,0.522697795071336,77993.0,442696.0,0.17617733162260332,2.966884503569553
existing|sensitivity|top_full|cs_primary_peer_reviewed,sensitivity,full,cs_primary_peer_reviewed,2022,Other non-core,1082.0,3855.0,0.280674448767834,243817.0,442696.0,0.5507549198547084,0.5096176877400881
existing|sensitivity|top_full|cs_primary_peer_reviewed,sensitivity,full,cs_primary_peer_reviewed,2023,South Korea,206.0,5095.0,0.04043179587831207,8810.0,488229.0,0.018044810939128974,2.2406328342647472
existing|sensitivity|top_full|cs_primary_peer_reviewed,sensitivity,full,cs_primary_peer_reviewed,2023,China,962.0,5095.0,0.1888125613346418,101558.0,488229.0,0.20801304305971174,0.9076957798287759
existing|sensitivity|top_full|cs_primary_peer_reviewed,sensitivity,full,cs_primary_peer_reviewed,2023,India,36.0,5095.0,0.0070657507360157015,38768.0,488229.0,0.07940536100887084,0.08898329591658609
existing|sensitivity|top_full|cs_primary_peer_reviewed,sensitivity,full,cs_primary_peer_reviewed,2023,Core Anglophone,2588.0,5095.0,0.5079489695780177,84158.0,488229.0,0.17237402940013805,2.946783638728416
existing|sensitivity|top_full|cs_primary_peer_reviewed,sensitivity,full,cs_primary_peer_reviewed,2023,Other non-core,1509.0,5095.0,0.2961727183513248,263745.0,488229.0,0.5402075665312793,0.5482572564710192
existing|sensitivity|top_full|cs_primary_peer_reviewed,sensitivity,full,cs_primary_peer_reviewed,2024,South Korea,243.0,6845.0,0.03550036523009496,9166.0,511902.0,0.017905771026485537,1.9826214228688712
existing|sensitivity|top_full|cs_primary_peer_reviewed,sensitivity,full,cs_primary_peer_reviewed,2024,China,1898.0,6845.0,0.27728268809349893,113225.0,511902.0,0.22118491430000273,1.2536238692906894
existing|sensitivity|top_full|cs_primary_peer_reviewed,sensitivity,full,cs_primary_peer_reviewed,2024,India,36.0,6845.0,0.005259313367421476,42891.0,511902.0,0.08378752183035033,0.06276964937655426
existing|sensitivity|top_full|cs_primary_peer_reviewed,sensitivity,full,cs_primary_peer_reviewed,2024,Core Anglophone,2956.0,6845.0,0.4318480642804967,89505.0,511902.0,0.1748479201097085,2.469849592774871
existing|sensitivity|top_full|cs_primary_peer_reviewed,sensitivity,full,cs_primary_peer_reviewed,2024,Other non-core,1955.0,6845.0,0.2856099342585829,266281.0,511902.0,0.5201796437599384,0.5490601904260428
existing|sensitivity|top_fractional|ai_primary_peer_reviewed,sensitivity,fractional,ai_primary_peer_reviewed,2018,South Korea,28.0,1496.0,0.01871657754010695,1207.0,86751.0,0.013913384283754654,1.3452210589741658
existing|sensitivity|top_fractional|ai_primary_peer_reviewed,sensitivity,fractional,ai_primary_peer_reviewed,2018,China,108.5,1496.0,0.07252673796791444,13391.0,86751.0,0.15436133301057048,0.4698504253195837
existing|sensitivity|top_fractional|ai_primary_peer_reviewed,sensitivity,fractional,ai_primary_peer_reviewed,2018,India,13.0,1496.0,0.008689839572192513,4423.0,86751.0,0.05098500305471983,0.17043913016669066
existing|sensitivity|top_fractional|ai_primary_peer_reviewed,sensitivity,fractional,ai_primary_peer_reviewed,2018,Core Anglophone,997.5,1496.0,0.6667780748663101,22093.0,86751.0,0.2546714158914595,2.6181896878073267
existing|sensitivity|top_fractional|ai_primary_peer_reviewed,sensitivity,fractional,ai_primary_peer_reviewed,2018,Other non-core,377.0,1496.0,0.2520053475935829,46844.0,86751.0,0.5399822480432502,0.46669191164484053
existing|sensitivity|top_fractional|ai_primary_peer_reviewed,sensitivity,fractional,ai_primary_peer_reviewed,2019,South Korea,37.5,1997.0,0.018778167250876315,1464.0,97572.0,0.015004304513589964,1.2515186714497977
existing|sensitivity|top_fractional|ai_primary_peer_reviewed,sensitivity,fractional,ai_primary_peer_reviewed,2019,China,148.0,1997.0,0.07411116675012519,16490.0,97572.0,0.16900340261550445,0.4385187848479815
existing|sensitivity|top_fractional|ai_primary_peer_reviewed,sensitivity,fractional,ai_primary_peer_reviewed,2019,India,16.0,1997.0,0.00801201802704056,4503.0,97572.0,0.04615053498954618,0.17360617875514137
existing|sensitivity|top_fractional|ai_primary_peer_reviewed,sensitivity,fractional,ai_primary_peer_reviewed,2019,Core Anglophone,1325.5,1997.0,0.6637456184276415,24509.0,97572.0,0.2511888656581806,2.6424165604970353
existing|sensitivity|top_fractional|ai_primary_peer_reviewed,sensitivity,fractional,ai_primary_peer_reviewed,2019,Other non-core,507.5,1997.0,0.2541311967951928,52070.0,97572.0,0.5336571967367687,0.4762068203130508
existing|sensitivity|top_fractional|ai_primary_peer_reviewed,sensitivity,fractional,ai_primary_peer_reviewed,2020,South Korea,63.0,2717.0,0.02318733897681266,1750.0,108280.0,0.01616180273365349,1.4347000368052998
existing|sensitivity|top_fractional|ai_primary_peer_reviewed,sensitivity,fractional,ai_primary_peer_reviewed,2020,China,250.5,2717.0,0.09219727640780272,19078.0,108280.0,0.17619135574436645,0.5232792268286445
existing|sensitivity|top_fractional|ai_primary_peer_reviewed,sensitivity,fractional,ai_primary_peer_reviewed,2020,India,29.0,2717.0,0.010673536989326464,5542.0,108280.0,0.051182120428518656,0.20854034377558092
existing|sensitivity|top_fractional|ai_primary_peer_reviewed,sensitivity,fractional,ai_primary_peer_reviewed,2020,Core Anglophone,1744.5,2717.0,0.6420684578579315,26932.0,108280.0,0.24872552641300333,2.581433707740117
existing|sensitivity|top_fractional|ai_primary_peer_reviewed,sensitivity,fractional,ai_primary_peer_reviewed,2020,Other non-core,693.0,2717.0,0.2550607287449393,56728.0,108280.0,0.5239009974141116,0.4868490993601401
existing|sensitivity|top_fractional|ai_primary_peer_reviewed,sensitivity,fractional,ai_primary_peer_reviewed,2021,South Korea,94.0,3266.0,0.02878138395590937,2171.0,125205.0,0.01733956311648896,1.6598678849376474
existing|sensitivity|top_fractional|ai_primary_peer_reviewed,sensitivity,fractional,ai_primary_peer_reviewed,2021,China,387.0,3266.0,0.11849357011635027,24861.0,125205.0,0.19856235773331735,0.5967574693864943
existing|sensitivity|top_fractional|ai_primary_peer_reviewed,sensitivity,fractional,ai_primary_peer_reviewed,2021,India,39.0,3266.0,0.011941212492345376,6384.0,125205.0,0.050988379058344316,0.23419478541730934
existing|sensitivity|top_fractional|ai_primary_peer_reviewed,sensitivity,fractional,ai_primary_peer_reviewed,2021,Core Anglophone,1903.5,3266.0,0.5828230251071648,30356.0,125205.0,0.24245038137454575,2.403885783981505
existing|sensitivity|top_fractional|ai_primary_peer_reviewed,sensitivity,fractional,ai_primary_peer_reviewed,2021,Other non-core,936.5,3266.0,0.2867421922841396,63604.0,125205.0,0.5079988818337926,0.5644543768463571
existing|sensitivity|top_fractional|ai_primary_peer_reviewed,sensitivity,fractional,ai_primary_peer_reviewed,2022,South Korea,104.0,3785.0,0.027476882430647293,2378.0,128917.0,0.01844597686883809,1.4895867335205033
existing|sensitivity|top_fractional|ai_primary_peer_reviewed,sensitivity,fractional,ai_primary_peer_reviewed,2022,China,712.5,3785.0,0.1882430647291942,29057.0,128917.0,0.22539308237082775,0.8351767620777619
existing|sensitivity|top_fractional|ai_primary_peer_reviewed,sensitivity,fractional,ai_primary_peer_reviewed,2022,India,32.0,3785.0,0.00845442536327609,7653.0,128917.0,0.059363776693531496,0.14241724220011284
existing|sensitivity|top_fractional|ai_primary_peer_reviewed,sensitivity,fractional,ai_primary_peer_reviewed,2022,Core Anglophone,1993.3333333333333,3785.0,0.5266402465874064,28079.0,128917.0,0.21780680592939644,2.4179237390686517
existing|sensitivity|top_fractional|ai_primary_peer_reviewed,sensitivity,fractional,ai_primary_peer_reviewed,2022,Other non-core,1047.1666666666665,3785.0,0.2766622633201233,64128.0,128917.0,0.49743633500624435,0.5561762256805192
existing|sensitivity|top_fractional|ai_primary_peer_reviewed,sensitivity,fractional,ai_primary_peer_reviewed,2023,South Korea,204.5,5004.0,0.04086730615507594,2685.0,148488.0,0.01808226927428479,2.260076184862166
existing|sensitivity|top_fractional|ai_primary_peer_reviewed,sensitivity,fractional,ai_primary_peer_reviewed,2023,China,943.5,5004.0,0.18854916067146282,33719.0,148488.0,0.22708232315069232,0.8303119241313257
existing|sensitivity|top_fractional|ai_primary_peer_reviewed,sensitivity,fractional,ai_primary_peer_reviewed,2023,India,35.5,5004.0,0.007094324540367706,10343.0,148488.0,0.06965546037390227,0.1018487926472126
existing|sensitivity|top_fractional|ai_primary_peer_reviewed,sensitivity,fractional,ai_primary_peer_reviewed,2023,Core Anglophone,2564.5,5004.0,0.5124900079936051,31779.0,148488.0,0.2140172943268143,2.3946196012132046
existing|sensitivity|top_fractional|ai_primary_peer_reviewed,sensitivity,fractional,ai_primary_peer_reviewed,2023,Other non-core,1460.5,5004.0,0.29186650679456433,72647.0,148488.0,0.4892449221485911,0.596565224454021
existing|sensitivity|top_fractional|ai_primary_peer_reviewed,sensitivity,fractional,ai_primary_peer_reviewed,2024,South Korea,241.5,6687.0,0.036114849708389414,2920.0,161144.0,0.01812043886213573,1.9930449799344876
existing|sensitivity|top_fractional|ai_primary_peer_reviewed,sensitivity,fractional,ai_primary_peer_reviewed,2024,China,1860.0,6687.0,0.2781516375056079,38194.0,161144.0,0.23701782256863427,1.1735473496937654
existing|sensitivity|top_fractional|ai_primary_peer_reviewed,sensitivity,fractional,ai_primary_peer_reviewed,2024,India,35.5,6687.0,0.005308808135187678,12200.0,161144.0,0.07570868291714243,0.07012152279808878
existing|sensitivity|top_fractional|ai_primary_peer_reviewed,sensitivity,fractional,ai_primary_peer_reviewed,2024,Core Anglophone,2910.5,6687.0,0.4352474951398235,33125.0,161144.0,0.2055614853795363,2.1173591654886557
existing|sensitivity|top_fractional|ai_primary_peer_reviewed,sensitivity,fractional,ai_primary_peer_reviewed,2024,Other non-core,1881.0,6687.0,0.2812920592193809,77625.0,161144.0,0.481712009134687,0.5839423844231615
existing|sensitivity|top_fractional|ai_primary_all_types,sensitivity,fractional,ai_primary_all_types,2018,South Korea,28.0,1496.0,0.01871657754010695,1375.0,105904.0,0.012983456715515939,1.4415712202236266
existing|sensitivity|top_fractional|ai_primary_all_types,sensitivity,fractional,ai_primary_all_types,2018,China,108.5,1496.0,0.07252673796791444,14395.0,105904.0,0.13592498866898323,0.5335791356550198
existing|sensitivity|top_fractional|ai_primary_all_types,sensitivity,fractional,ai_primary_all_types,2018,India,13.0,1496.0,0.008689839572192513,5718.0,105904.0,0.053992294908596465,0.16094591991141588
existing|sensitivity|top_fractional|ai_primary_all_types,sensitivity,fractional,ai_primary_all_types,2018,Core Anglophone,997.5,1496.0,0.6667780748663101,29753.0,105904.0,0.2809431182958151,2.373356140242722
existing|sensitivity|top_fractional|ai_primary_all_types,sensitivity,fractional,ai_primary_all_types,2018,Other non-core,377.0,1496.0,0.2520053475935829,56038.0,105904.0,0.5291395981266053,0.4762549400683608
existing|sensitivity|top_fractional|ai_primary_all_types,sensitivity,fractional,ai_primary_all_types,2019,South Korea,37.5,1997.0,0.018778167250876315,2088.0,124714.0,0.01674230639703642,1.1215997847345731
existing|sensitivity|top_fractional|ai_primary_all_types,sensitivity,fractional,ai_primary_all_types,2019,China,148.0,1997.0,0.07411116675012519,18341.0,124714.0,0.1470644835383357,0.5039365383607826
existing|sensitivity|top_fractional|ai_primary_all_types,sensitivity,fractional,ai_primary_all_types,2019,India,16.0,1997.0,0.00801201802704056,5700.0,124714.0,0.04570457206087528,0.175300143197252
existing|sensitivity|top_fractional|ai_primary_all_types,sensitivity,fractional,ai_primary_all_types,2019,Core Anglophone,1325.5,1997.0,0.6637456184276415,36089.0,124714.0,0.2893740879131453,2.293728589226215
existing|sensitivity|top_fractional|ai_primary_all_types,sensitivity,fractional,ai_primary_all_types,2019,Other non-core,507.5,1997.0,0.2541311967951928,64584.0,124714.0,0.5178568564876437,0.4907363755282373
existing|sensitivity|top_fractional|ai_primary_all_types,sensitivity,fractional,ai_primary_all_types,2020,South Korea,63.0,2717.0,0.02318733897681266,2117.0,147035.0,0.01439793246505934,1.6104631017740432
existing|sensitivity|top_fractional|ai_primary_all_types,sensitivity,fractional,ai_primary_all_types,2020,China,250.5,2717.0,0.09219727640780272,21839.0,147035.0,0.14852926174040196,0.620734765173372
existing|sensitivity|top_fractional|ai_primary_all_types,sensitivity,fractional,ai_primary_all_types,2020,India,29.0,2717.0,0.010673536989326464,8021.0,147035.0,0.05455163736525317,0.19565933315367368
existing|sensitivity|top_fractional|ai_primary_all_types,sensitivity,fractional,ai_primary_all_types,2020,Core Anglophone,1744.5,2717.0,0.6420684578579315,44850.0,147035.0,0.30502941476519196,2.1049394805159634
existing|sensitivity|top_fractional|ai_primary_all_types,sensitivity,fractional,ai_primary_all_types,2020,Other non-core,693.0,2717.0,0.2550607287449393,72325.0,147035.0,0.4918896861291529,0.5185323781681597
existing|sensitivity|top_fractional|ai_primary_all_types,sensitivity,fractional,ai_primary_all_types,2021,South Korea,94.0,3266.0,0.02878138395590937,2600.0,161608.0,0.01608831245977922,1.7889622685948467
existing|sensitivity|top_fractional|ai_primary_all_types,sensitivity,fractional,ai_primary_all_types,2021,China,387.0,3266.0,0.11849357011635027,27690.0,161608.0,0.17134052769664868,0.6915676735053498
existing|sensitivity|top_fractional|ai_primary_all_types,sensitivity,fractional,ai_primary_all_types,2021,India,39.0,3266.0,0.011941212492345376,8655.0,161608.0,0.05355551705361121,0.22296885828572519
existing|sensitivity|top_fractional|ai_primary_all_types,sensitivity,fractional,ai_primary_all_types,2021,Core Anglophone,1903.5,3266.0,0.5828230251071648,45523.0,161608.0,0.2816877877332805,2.0690390229448563
existing|sensitivity|top_fractional|ai_primary_all_types,sensitivity,fractional,ai_primary_all_types,2021,Other non-core,936.5,3266.0,0.2867421922841396,79740.0,161608.0,0.49341616751645956,0.5811365965720496
existing|sensitivity|top_fractional|ai_primary_all_types,sensitivity,fractional,ai_primary_all_types,2022,South Korea,104.0,3785.0,0.027476882430647293,2671.0,156801.0,0.01703433013820065,1.61302981729986
existing|sensitivity|top_fractional|ai_primary_all_types,sensitivity,fractional,ai_primary_all_types,2022,China,712.5,3785.0,0.1882430647291942,31453.0,156801.0,0.200591832960249,0.9384383299717793
existing|sensitivity|top_fractional|ai_primary_all_types,sensitivity,fractional,ai_primary_all_types,2022,India,32.0,3785.0,0.00845442536327609,10079.0,156801.0,0.06427892679255873,0.13152717049182003
existing|sensitivity|top_fractional|ai_primary_all_types,sensitivity,fractional,ai_primary_all_types,2022,Core Anglophone,1993.3333333333333,3785.0,0.5266402465874064,37029.0,156801.0,0.23615283065796774,2.2300822950971377
existing|sensitivity|top_fractional|ai_primary_all_types,sensitivity,fractional,ai_primary_all_types,2022,Other non-core,1047.1666666666665,3785.0,0.2766622633201233,78240.0,156801.0,0.49897640958922457,0.5544596057113835
existing|sensitivity|top_fractional|ai_primary_all_types,sensitivity,fractional,ai_primary_all_types,2023,South Korea,204.5,5004.0,0.04086730615507594,3100.0,183066.0,0.016933783444222302,2.413359441479075
existing|sensitivity|top_fractional|ai_primary_all_types,sensitivity,fractional,ai_primary_all_types,2023,China,943.5,5004.0,0.18854916067146282,37550.0,183066.0,0.20511728010662822,0.9192261157784823
existing|sensitivity|top_fractional|ai_primary_all_types,sensitivity,fractional,ai_primary_all_types,2023,India,35.5,5004.0,0.007094324540367706,12506.0,183066.0,0.06831415992046584,0.10384852201398964
existing|sensitivity|top_fractional|ai_primary_all_types,sensitivity,fractional,ai_primary_all_types,2023,Core Anglophone,2564.5,5004.0,0.5124900079936051,41777.0,183066.0,0.2282073132094436,2.2457212294649525
existing|sensitivity|top_fractional|ai_primary_all_types,sensitivity,fractional,ai_primary_all_types,2023,Other non-core,1460.5,5004.0,0.29186650679456433,91233.0,183066.0,0.4983612467634624,0.5856524934273093
existing|sensitivity|top_fractional|ai_primary_all_types,sensitivity,fractional,ai_primary_all_types,2024,South Korea,241.5,6687.0,0.036114849708389414,3266.0,191316.0,0.01707123293399402,2.115538452789415
existing|sensitivity|top_fractional|ai_primary_all_types,sensitivity,fractional,ai_primary_all_types,2024,China,1860.0,6687.0,0.2781516375056079,41725.0,191316.0,0.21809467059733634,1.2753710888202008
existing|sensitivity|top_fractional|ai_primary_all_types,sensitivity,fractional,ai_primary_all_types,2024,India,35.5,6687.0,0.005308808135187678,14691.0,191316.0,0.07678918647682369,0.06913484018729601
existing|sensitivity|top_fractional|ai_primary_all_types,sensitivity,fractional,ai_primary_all_types,2024,Core Anglophone,2910.5,6687.0,0.4352474951398235,41967.0,191316.0,0.2193595935520291,1.9841735120492405
existing|sensitivity|top_fractional|ai_primary_all_types,sensitivity,fractional,ai_primary_all_types,2024,Other non-core,1881.0,6687.0,0.2812920592193809,92933.0,191316.0,0.48575654937381085,0.5790803224001708
existing|sensitivity|top_fractional|cs_primary_peer_reviewed,sensitivity,fractional,cs_primary_peer_reviewed,2018,South Korea,28.0,1496.0,0.01871657754010695,6396.0,331796.0,0.01927690508625782,0.9709327019226588
existing|sensitivity|top_fractional|cs_primary_peer_reviewed,sensitivity,fractional,cs_primary_peer_reviewed,2018,China,108.5,1496.0,0.07252673796791444,52989.0,331796.0,0.15970355278544648,0.4541335286720289
existing|sensitivity|top_fractional|cs_primary_peer_reviewed,sensitivity,fractional,cs_primary_peer_reviewed,2018,India,13.0,1496.0,0.008689839572192513,20310.0,331796.0,0.06121231117915828,0.14196228511546957
existing|sensitivity|top_fractional|cs_primary_peer_reviewed,sensitivity,fractional,cs_primary_peer_reviewed,2018,Core Anglophone,997.5,1496.0,0.6667780748663101,73610.0,331796.0,0.22185318689797345,3.005492434836873
existing|sensitivity|top_fractional|cs_primary_peer_reviewed,sensitivity,fractional,cs_primary_peer_reviewed,2018,Other non-core,377.0,1496.0,0.2520053475935829,184887.0,331796.0,0.5572309491374218,0.4522457842366442
existing|sensitivity|top_fractional|cs_primary_peer_reviewed,sensitivity,fractional,cs_primary_peer_reviewed,2019,South Korea,37.5,1997.0,0.018778167250876315,6742.0,362243.0,0.01861181582528855,1.0089379471164623
existing|sensitivity|top_fractional|cs_primary_peer_reviewed,sensitivity,fractional,cs_primary_peer_reviewed,2019,China,148.0,1997.0,0.07411116675012519,60553.0,362243.0,0.16716127019707766,0.4433513017862963
existing|sensitivity|top_fractional|cs_primary_peer_reviewed,sensitivity,fractional,cs_primary_peer_reviewed,2019,India,16.0,1997.0,0.00801201802704056,20123.0,362243.0,0.055551107957917754,0.14422787090241282
existing|sensitivity|top_fractional|cs_primary_peer_reviewed,sensitivity,fractional,cs_primary_peer_reviewed,2019,Core Anglophone,1325.5,1997.0,0.6637456184276415,78090.0,362243.0,0.21557352385001227,3.0789755929835336
existing|sensitivity|top_fractional|cs_primary_peer_reviewed,sensitivity,fractional,cs_primary_peer_reviewed,2019,Other non-core,507.5,1997.0,0.2541311967951928,203477.0,362243.0,0.5617140979949923,0.452420898286691
existing|sensitivity|top_fractional|cs_primary_peer_reviewed,sensitivity,fractional,cs_primary_peer_reviewed,2020,South Korea,63.0,2717.0,0.02318733897681266,7331.0,387976.0,0.01889549869064066,1.2271355922613378
existing|sensitivity|top_fractional|cs_primary_peer_reviewed,sensitivity,fractional,cs_primary_peer_reviewed,2020,China,250.5,2717.0,0.09219727640780272,65395.0,387976.0,0.16855424046848258,0.5469887684317405
existing|sensitivity|top_fractional|cs_primary_peer_reviewed,sensitivity,fractional,cs_primary_peer_reviewed,2020,India,29.0,2717.0,0.010673536989326464,22615.0,387976.0,0.0582896880219395,0.18311192513689695
existing|sensitivity|top_fractional|cs_primary_peer_reviewed,sensitivity,fractional,cs_primary_peer_reviewed,2020,Core Anglophone,1744.5,2717.0,0.6420684578579315,80963.0,387976.0,0.20868043384126853,3.0768023912884757
existing|sensitivity|top_fractional|cs_primary_peer_reviewed,sensitivity,fractional,cs_primary_peer_reviewed,2020,Other non-core,693.0,2717.0,0.2550607287449393,219003.0,387976.0,0.5644756376683093,0.4518542727521841
existing|sensitivity|top_fractional|cs_primary_peer_reviewed,sensitivity,fractional,cs_primary_peer_reviewed,2021,South Korea,94.0,3266.0,0.02878138395590937,7994.0,431798.0,0.018513286305170473,1.5546339791585881
existing|sensitivity|top_fractional|cs_primary_peer_reviewed,sensitivity,fractional,cs_primary_peer_reviewed,2021,China,387.0,3266.0,0.11849357011635027,78876.0,431798.0,0.18266874788674334,0.6486800368819389
existing|sensitivity|top_fractional|cs_primary_peer_reviewed,sensitivity,fractional,cs_primary_peer_reviewed,2021,India,39.0,3266.0,0.011941212492345376,26445.0,431798.0,0.06124391497876322,0.19497794183285114
existing|sensitivity|top_fractional|cs_primary_peer_reviewed,sensitivity,fractional,cs_primary_peer_reviewed,2021,Core Anglophone,1903.5,3266.0,0.5828230251071648,83140.0,431798.0,0.19254373572828035,3.026964356449646
existing|sensitivity|top_fractional|cs_primary_peer_reviewed,sensitivity,fractional,cs_primary_peer_reviewed,2021,Other non-core,936.5,3266.0,0.2867421922841396,243337.0,431798.0,0.5635436014062131,0.508819888236918
existing|sensitivity|top_fractional|cs_primary_peer_reviewed,sensitivity,fractional,cs_primary_peer_reviewed,2022,South Korea,104.0,3785.0,0.027476882430647293,8446.0,442696.0,0.019078555035509696,1.4401972465685333
existing|sensitivity|top_fractional|cs_primary_peer_reviewed,sensitivity,fractional,cs_primary_peer_reviewed,2022,China,712.5,3785.0,0.1882430647291942,90066.0,442696.0,0.20344886784610658,0.9252598292735922
existing|sensitivity|top_fractional|cs_primary_peer_reviewed,sensitivity,fractional,cs_primary_peer_reviewed,2022,India,32.0,3785.0,0.00845442536327609,30820.0,442696.0,0.06961888067658167,0.12143868561391537
existing|sensitivity|top_fractional|cs_primary_peer_reviewed,sensitivity,fractional,cs_primary_peer_reviewed,2022,Core Anglophone,1993.3333333333333,3785.0,0.5266402465874064,77993.0,442696.0,0.17617733162260332,2.9892622492179868
existing|sensitivity|top_fractional|cs_primary_peer_reviewed,sensitivity,fractional,cs_primary_peer_reviewed,2022,Other non-core,1047.1666666666665,3785.0,0.2766622633201233,243817.0,442696.0,0.5507549198547084,0.5023328042046507
existing|sensitivity|top_fractional|cs_primary_peer_reviewed,sensitivity,fractional,cs_primary_peer_reviewed,2023,South Korea,204.5,5004.0,0.04086730615507594,8810.0,488229.0,0.018044810939128974,2.2647677658100536
existing|sensitivity|top_fractional|cs_primary_peer_reviewed,sensitivity,fractional,cs_primary_peer_reviewed,2023,China,943.5,5004.0,0.18854916067146282,101558.0,488229.0,0.20801304305971174,0.9064295098905809
existing|sensitivity|top_fractional|cs_primary_peer_reviewed,sensitivity,fractional,cs_primary_peer_reviewed,2023,India,35.5,5004.0,0.007094324540367706,38768.0,488229.0,0.07940536100887084,0.08934314321139045
existing|sensitivity|top_fractional|cs_primary_peer_reviewed,sensitivity,fractional,cs_primary_peer_reviewed,2023,Core Anglophone,2564.5,5004.0,0.5124900079936051,84158.0,488229.0,0.17237402940013805,2.973127737264548
existing|sensitivity|top_fractional|cs_primary_peer_reviewed,sensitivity,fractional,cs_primary_peer_reviewed,2023,Other non-core,1460.5,5004.0,0.29186650679456433,263745.0,488229.0,0.5402075665312793,0.5402858546922344
existing|sensitivity|top_fractional|cs_primary_peer_reviewed,sensitivity,fractional,cs_primary_peer_reviewed,2024,South Korea,241.5,6687.0,0.036114849708389414,9166.0,511902.0,0.017905771026485537,2.0169391005262884
existing|sensitivity|top_fractional|cs_primary_peer_reviewed,sensitivity,fractional,cs_primary_peer_reviewed,2024,China,1860.0,6687.0,0.2781516375056079,113225.0,511902.0,0.22118491430000273,1.257552479950503
existing|sensitivity|top_fractional|cs_primary_peer_reviewed,sensitivity,fractional,cs_primary_peer_reviewed,2024,India,35.5,6687.0,0.005308808135187678,42891.0,511902.0,0.08378752183035033,0.06336036702382418
existing|sensitivity|top_fractional|cs_primary_peer_reviewed,sensitivity,fractional,cs_primary_peer_reviewed,2024,Core Anglophone,2910.5,6687.0,0.4352474951398235,89505.0,511902.0,0.1748479201097085,2.4892918077991837
existing|sensitivity|top_fractional|cs_primary_peer_reviewed,sensitivity,fractional,cs_primary_peer_reviewed,2024,Other non-core,1881.0,6687.0,0.2812920592193809,266281.0,511902.0,0.5201796437599384,0.5407594522272319
