panel,year,display_group,accepted_country_credit,accepted_country_credit_total,production_country_credit,production_country_credit_total,accepted_share,production_share,pri,component_definition
A,2018,Core Anglophone,966.0,1470.0,22093.0,86751.0,0.6571428571428571,0.2546714158914595,2.580355768795546,Core Anglophone
A,2018,All other countries,504.0,1470.0,64658.0,86751.0,0.34285714285714286,0.7453285841085405,0.46000804231494946,China + India + Other non-core
A,2019,Core Anglophone,1260.0,1927.0,24509.0,97572.0,0.6538661131292164,0.2511888656581806,2.603085576328855,Core Anglophone
A,2019,All other countries,667.0,1927.0,73063.0,97572.0,0.3461338868707836,0.7488111343418193,0.46224457810048997,China + India + Other non-core
A,2020,Core Anglophone,1652.0,2606.0,26932.0,108280.0,0.6339217191097467,0.24872552641300333,2.548679776667287,Core Anglophone
A,2020,All other countries,954.0,2606.0,81348.0,108280.0,0.36607828089025324,0.7512744735869967,0.48727634674234915,China + India + Other non-core
A,2021,Core Anglophone,1802.0,3140.0,30356.0,125205.0,0.5738853503184713,0.24245038137454575,2.3670218502643365,Core Anglophone
A,2021,All other countries,1338.0,3140.0,94849.0,125205.0,0.4261146496815287,0.7575496186254542,0.5624907454309038,China + India + Other non-core
A,2022,Core Anglophone,1900.0,3674.0,28079.0,128917.0,0.5171475231355471,0.21780680592939644,2.3743405121288266,Core Anglophone
A,2022,All other countries,1774.0,3674.0,100838.0,128917.0,0.48285247686445293,0.7821931940706036,0.6173059041227977,China + India + Other non-core
A,2023,Core Anglophone,2446.0,4862.0,31779.0,148488.0,0.5030851501439737,0.2140172943268143,2.3506752186846147,Core Anglophone
A,2023,All other countries,2416.0,4862.0,116709.0,148488.0,0.49691484985602635,0.7859827056731857,0.6322210988477465,China + India + Other non-core
A,2024,Core Anglophone,2811.0,6602.0,33125.0,161144.0,0.4257800666464708,0.2055614853795363,2.0713027338770984,Core Anglophone
A,2024,All other countries,3791.0,6602.0,128019.0,161144.0,0.5742199333535293,0.7944385146204637,0.7227997167633017,China + India + Other non-core
