replicate,median_difference,adjusted_mean_difference_draw
1,-0.002121686935424791,0.001464407324459053
2,-0.001011252403259194,-0.0009504188220506862
3,-0.001435995101928697,-0.000608171715434805
4,-0.0015683770179748951,0.004327453593612956
5,-0.0008382201194763045,-0.003074917004167317
6,-0.00018000602722170744,0.0004662483051426924
7,-9.202957153320312e-05,0.00012341745268168016
8,0.00020575523376470395,0.002326518165556704
9,-0.00036281347274778886,-0.001968817413695504
10,-0.0012370347976684987,-0.0006701877648245619
11,0.0011475682258605957,0.00023264650708276592
12,-7.12275505065918e-05,-0.000928997838712432
13,-0.0005524158477782926,-0.0019801802483069733
14,-0.0023165941238403043,-0.0026721696399399203
15,-0.0027174949645996926,-0.0023329512579436406
16,-0.0007740259170533059,0.0016489350269716398
17,0.001113116741180406,-0.001202397286343984
18,-0.0025282502174377997,0.0010290799453869476
19,0.00041520595550539885,-0.00024780557228108594
20,0.00020492076873780685,0.0025087407930581575
21,-0.001543164253234891,-0.00301068378070515
22,-0.0013551712036132951,0.0004437678321850808
23,-0.0006920099258422019,0.00048132668568683567
24,-0.002116799354553306,0.0010990472595952935
25,-0.0030695796012878,-0.0007120424296216633
26,-0.005794584751129109,0.001400073651770915
27,-0.00032275915145879575,-0.00015408504249864592
28,-0.0013870000839233954,-0.004678790767437829
29,-0.0009142756462097029,-0.00036750663482131767
30,-0.0021646022796631,-0.0016491618572246868
31,-0.0016766190528869906,-0.0009637946957572527
32,-0.00046825408935539936,-0.0012808856388391175
33,-0.002995193004608099,0.00038884784809276626
34,-0.00023913383483890882,0.0007846659120514983
35,-0.0016168951988220909,-0.0023107226220480575
36,-0.0005922913551329873,0.0004382524038211138
37,-0.0001991987228393971,-0.0015689312359698129
38,-0.0012999176979064941,-0.0016127158883527813
39,-0.0007338523864745955,-2.0006499576970786e-05
40,-0.0003346800804137906,-9.82257399247769e-05
41,-0.006352722644805894,-0.0007365836351332496
42,0.0017550587654113908,0.0014154079632606499
43,0.00022524595260620117,4.698208415827611e-05
44,-0.002832710742950398,-0.0004877785789777759
45,-0.0016171932220458984,-0.0006615740521087451
46,0.0005980134010314941,9.929391504291785e-05
47,-0.0025735497474670965,-0.0030898561489502694
48,-0.0009434819221496998,0.0008503926891612816
49,-0.0023648142814635953,0.0022376176233308365
50,0.0002480149269104004,0.0008674608842549915
51,-0.002447962760925293,-0.001432209230318952
52,0.0020102262496949075,-0.0007775290605540129
53,0.0006435513496398926,-0.00038184960671478027
54,-0.002617537975311293,0.002185290732103754
55,-0.0015359520912170965,0.0012195918231070195
56,-0.0006799697875977118,-0.0006325495839796923
57,-0.002540409564971896,-0.0012660065477571427
58,-0.0018530488014220914,0.00018640459119557618
59,-0.002725124359130901,0.0021624352703393476
60,-0.00044608116149900956,-0.004956873512449535
61,0.00027632713317871094,-0.00010515653033413985
62,-0.0008612275123596885,-0.0010008707351510343
63,0.0010767579078674039,0.0027974874337510524
64,-0.0008493661880492887,-0.003046914907382219
65,-0.0010613203048705916,0.0019141477372716844
66,-0.006598353385925293,-0.0004331170269426685
67,-0.0029903054237366,-0.0011216768127921466
68,-0.0030689239501952986,-0.0008410123877403428
69,-0.0034833550453186035,-0.002419247786682901
70,0.0016073584556578896,-0.005375770421313849
71,-0.0020729303359984935,-0.001028933604912316
72,-0.001039683818817097,-3.2475184471098705e-05
73,-0.002030730247497489,0.0030443638744383776
74,-0.001722216606140095,0.00024127803980036072
75,-0.0033780932426453053,0.002462952192659677
76,-0.001432657241821289,-0.0014899490028106987
77,0.0002445578575134971,0.0009201936867619986
78,-0.0026078820228576938,0.002011860979971994
79,-0.0014368891716003002,0.0016426719969443288
80,-0.0028772354125977118,-0.0014588161668244756
81,0.002445518970489502,-0.0028948019120072
82,-0.0027114152908325057,0.003132473590518863
83,0.0010619163513183039,0.001251490578059323
84,-0.0037064552307129045,0.0035264431334023827
85,-0.001451194286346394,0.00038192119171411715
86,-0.0019353628158569058,-0.0005108555490095864
87,0.0024346709251403947,-0.0006651472908545315
88,-0.0004809498786925992,0.0018189531933736202
89,-0.00015759468078610506,-0.0013678453169106834
90,-0.0016707777976990024,-0.00298322422021812
91,-0.0002864003181457103,0.0017947350501175553
92,-0.0025172829627991,0.0030064584506959715
93,-0.0014601349830627997,-0.0012211104575244906
94,0.001103997230529799,0.0016643276719346847
95,-0.001976311206817599,0.003381491194573313
96,-9.173154830929842e-05,-0.001384978523367977
97,-0.0020019412040711004,0.0008996744567000042
98,3.7550926208496094e-05,-0.0009175287574868493
99,-0.0011087059974670965,-0.0017911773517519298
100,-0.003335416316986098,-0.00386283598308882
101,-0.001926720142364599,-0.001533848679019227
102,-0.002916097640991197,0.0019084942922902122
103,-0.0009837150573729914,0.0006538147542356696
104,-0.001204550266265897,-0.0018620193586840511
105,-0.0017912387847900946,-0.0011543858241411249
106,-0.000686705112457206,-3.602919730678099e-05
107,-0.004532694816589397,-0.0008138676484932157
108,-0.0014371871948242049,0.0009799467069183463
109,-0.0038738846778869074,0.0030121678788820275
110,0.0035769343376160084,-0.0020154633957080825
111,-0.0012142658233641884,0.002063538396328748
112,-0.0028239488601684987,0.002415677389193394
113,-0.0024205446243285994,-0.002479171182657827
114,-0.002398490905761705,0.0023654663252367565
115,-0.0014075040817260048,0.0018898865120276095
116,-0.0016024112701416016,-0.00030575330302736294
117,-0.0004879832267760953,0.0012766684151696247
118,-0.002409219741821303,0.00098455731657866
119,0.0014411211013793945,-0.001467889681513979
120,-0.0040273070335388045,0.0026365239509368835
121,-0.0014065504074096957,0.0012317835604524767
122,-0.0012570619583130022,0.0006454350108527802
123,-0.0009001493453978937,-0.004294141253974926
124,-0.0015950202941893976,-0.0003556889318822819
125,0.0004124045372009971,0.0017278713187607567
126,-0.0014732480049133023,-5.341754586110112e-05
127,-0.0011619329452514926,-0.0005354086865173815
128,-0.0028172731399537104,-6.104237727426551e-07
129,-0.001160919666290297,0.0019222751144512009
130,-0.0003882646560669084,0.001116495398615644
131,-0.0021165609359740933,0.0035887507349993907
132,-0.0024248957633973,-0.0024986291045316815
133,-0.000743925571441692,0.002137226129232955
134,-0.00019043684005730366,-0.0008952767873056402
135,-0.0007338523864745955,0.0016025423952478906
136,-0.0013513565063476979,-0.002387144980595374
137,0.0006653070449829102,-0.0010949220628069674
138,-0.00011277198791499743,0.00020735368075203676
139,-0.0036780834197998047,0.0015082856939486573
140,-0.002758145332336398,0.0020601581042659486
141,-0.0020061731338500977,-0.0016685274876676898
142,-0.002883970737457192,-0.00031832575306446235
143,-0.0016026496887206892,0.000313223449974374
144,-0.003855884075164795,0.0017275908821313783
145,-0.0010823011398315985,0.001965341973090574
146,-0.0013438463211059015,0.0014058559125288627
147,-0.0005886554718017994,0.0001390929169752049
148,0.001890003681182903,0.0014990189412107673
149,0.0008891820907593051,0.0010390111797508354
150,-0.0019252896308898926,-0.0018710943934409753
151,-0.00013780593872068925,0.0008854753527980886
152,-0.0001699924468993863,-0.0008662496280899305
153,-0.003539323806762709,0.0005485937941136425
154,-0.0010942816734313965,0.000991538391371121
155,-0.00012201070785530788,0.0005350640878404539
156,-0.002901613712310791,-7.70485917953453e-05
157,-0.0006725788116454939,0.00032887785664033613
158,-0.0033883452415465892,0.0009552817662022228
159,-0.00045597553253180767,0.0018565530844499385
160,-0.0003583431243896068,9.75263544914961e-05
161,-0.001207053661346394,0.00024291132707649515
162,-0.0029620528221129955,0.0004351116755235688
163,-0.0019103288650512001,-0.00022914853781185395
164,-0.0012938380241394876,-0.005727724766578693
165,-0.0009131431579589011,-0.0008164925051979815
166,-0.00020265579223630037,0.0033384328732029393
167,-0.0006027817726135115,0.000613354463654677
168,0.0010432004928589006,0.00024362078587936514
169,-0.0018427371978760043,0.0006739827185873158
170,0.002053737640380901,-0.0018869599748469379
171,-0.0030308961868286965,0.001159325328949186
172,-0.0011573433876037043,0.002066112844673062
173,-0.002658665180206299,0.002077004545510634
174,-0.0031295418739318986,0.0005024759756703439
175,-0.002122521400451702,-0.0020132385892214495
176,-0.0018944740295410017,-0.000845312900813827
177,-0.002324640750884996,-0.0011386699985720659
178,-0.0014728903770446916,-0.0016661251711394605
179,-0.00013369321823120117,-0.0005026806855019162
180,-0.00016039609909060393,0.0026303709662708354
181,-0.001744091510772705,0.0008935018007804134
182,-0.0017018914222717008,-0.00047976863491802787
183,0.00023746490478521176,-9.756536425047685e-05
184,0.00025516748428340563,0.0001367317377150028
185,6.341934204100175e-05,0.0018030483569078308
186,-0.0005614161491394043,0.001968733688619247
187,-0.00044846534728999743,-9.85488282412642e-05
188,-0.0013983249664307057,0.004499501014453375
189,-0.0004510879516601979,-0.0015771348432116602
190,-0.00029993057250980726,0.0006295606230806187
191,-0.004616200923919692,0.00048785627708024574
192,-0.0015286207199095986,-0.0009195631196329762
193,-0.000850439071655204,0.0021552930480520194
194,-0.002447962760925293,-0.0002602871784506947
195,-0.0019043087959289967,-0.0003078876775841939
196,-0.002113938331604004,0.0013255711213267145
197,-0.0026774406433105052,-0.001037358520757339
198,-0.000927507877349798,0.0002004757837360509
199,0.0008361339569092074,0.0019043537939863707
200,-0.0006973743438720981,0.0015253309765456274
201,0.0015569925308227123,0.0007412373504158719
202,-0.0025359392166137973,0.0008017732534012714
203,-3.314018249510331e-05,-0.002660598266458335
204,-0.0016752481460571983,0.000910070414013428
205,-0.0009342432022094033,0.0013741259697669164
206,0.00029629468917850843,0.00231565063687506
207,-0.0016058087348937988,-0.00015607485512679552
208,-0.0006871223449707031,-0.0012899106464866349
209,-0.0012271404266357006,-0.0026554697749527705
210,0.0004533529281616072,9.391622567887209e-06
211,-0.0015908479690551897,0.0033810223855077186
212,-0.0007338523864745955,0.004227528109914563
213,-0.004367589950561496,0.0013342754286931751
214,-0.002368032932281494,0.0008518315467487276
215,-0.0012153983116150041,0.001241578512633557
216,-0.002523005008697496,0.003099559181813367
217,-0.0053123235702513955,-0.0020472090146589285
218,-0.0017912387847900946,-0.0011569786217045833
219,-0.0007874965667725026,-0.0013261058858392441
220,-0.0008267164230347096,5.548769602412837e-05
221,0.0017592310905455988,-0.0014844617165330023
222,-0.0014414787292480885,0.0008052856847164051
223,-0.0009933114051818986,0.000543630566959707
224,-0.0006492733955382884,0.000573379430883756
225,-0.0038240551948546947,-0.003474520728525363
226,6.324052810670333e-05,-0.001081663649838139
227,-0.002201795578002999,-0.0010530803567843498
228,-0.003112852573394803,-0.0004390583743330669
229,-0.002607166767120403,-4.332786321474189e-05
230,4.7385692596393914e-05,0.00031702284841671115
231,-0.0013812780380249023,0.001207296229079998
232,-0.0015359520912170965,0.0023382949216596838
233,-0.003808498382568304,0.0023367688221818217
234,-0.0012382268905640065,0.0011071665283744583
235,0.0005874037742615024,0.0009174882862852432
236,0.0006179213523865024,-7.269785262454689e-05
237,-0.0043724775314331055,-0.0036074111586144155
238,-0.0013503432273863913,-0.0013865596287362197
239,-0.000751793384552002,0.001953968893726934
240,0.0011706352233886996,0.0024084861823534267
241,-0.0015550851821898998,0.001692798658458198
242,-0.0009882450103760043,0.0010926165857840196
243,-0.0007176995277404924,-0.0005034626056080457
244,-0.002376139163970989,-0.0007828147852583195
245,-0.0018243193626403947,-0.001284115059745281
246,-0.002617537975311293,0.002428536627270225
247,0.0023491382598876953,-0.0009840312784418434
248,-0.002409219741821303,-0.00023007968193116914
249,-0.0003908276557921947,-0.0019769660865929916
250,-0.0017123222351073941,0.00016618343161474728
251,-0.0007603168487547995,-0.003121547304755689
252,-0.002095341682434096,-0.0037633934555914837
253,0.00024449825286859683,-0.0009315916919285437
254,-0.002359747886657701,0.0003507336942327251
255,-0.0007178187370299877,0.0029771416071286225
256,-0.0013697147369385043,-0.005285288321946269
257,-0.001998484134673989,0.0016745592916136023
258,-0.0021356940269470076,-0.0011916587842338278
259,-0.0012139081954956055,-0.0007751427061227347
260,-0.002690494060516399,-0.000849422326109972
261,0.0006435513496398926,0.0018648410231527528
262,-0.0012454986572265903,0.000250140066718425
263,8.344650268560239e-05,0.0002301230061969748
264,-0.001920104026794489,-0.00310452272182569
265,-0.00011277198791499743,-0.00047040765253262163
266,-0.002055048942565904,7.161745251331003e-05
267,-0.0010317564010620117,0.002309683229234987
268,-0.002707421779632596,-0.0023864995303404957
269,-0.001567065715789795,0.0009135987915709288
270,0.0011527538299560963,-0.00026115743463995796
271,0.00022214651107789474,-0.0004451842242811858
272,-0.0007562041282654086,-3.4200501280400155e-06
273,-0.0018426775932312012,0.0003928622544533991
274,-0.0007338523864745955,-0.0009099811692331017
275,-0.0016608238220214983,-0.0016338883432778725
276,-0.001035571098327609,-0.00023859701831655672
277,-0.0001095533370972096,-0.001282161092886596
278,0.0012517571449279924,0.00035069275887343403
279,0.0021491050720214983,0.00036161691402672403
280,-0.003416776657104506,-0.00026858493867808436
281,0.00026220083236699887,-0.0019510019967399165
282,-0.003297090530395508,-0.001072971492474142
283,-0.0037154555320740024,-0.00045770591376963795
284,0.0009062886238098006,0.0007084009740320246
285,-0.0017728805541992049,0.0001233993178353225
286,-0.0009483098983765065,0.0010341756046134162
287,-0.002817034721374498,-0.0032109190260326895
288,-0.0003750324249267023,-0.001346822604904007
289,-0.0031035542488098006,-0.0054131714275603825
290,-0.0023689866065979004,0.00020168690493093557
291,-0.0029666423797607977,0.00025161515804674123
292,-0.0010080337524413924,-0.004837914554075185
293,-0.0010607242584228932,0.000474071468810909
294,-0.0019022226333617887,0.002747187061596723
295,0.0007718801498413086,7.1877400918611925e-06
296,-0.0013751387596130926,-0.003778131672544243
297,-0.0023146867752074918,-0.0020488952268130824
298,-0.002346992492675809,-0.004149057937145819
299,0.000152528285980294,0.00015318069850491558
300,-0.0019020438194274902,0.0015773036669049119
301,-5.6087970733600945e-05,0.0026957863778307714
302,-0.0009483098983765065,0.0004985947471793408
303,0.0008882284164428988,-0.00042944850184741847
304,0.004050970077514704,-0.0010084974685294432
305,-0.0009001493453979076,0.0007754923114828457
306,-0.0037118196487427035,0.0018404613749794722
307,-0.003759801387786796,-0.00010538547583348615
308,5.5849552154610405e-05,0.0013565720349626499
309,0.0003917217254639088,0.0017845934121758487
310,-0.0025541186332703053,0.003057626623968444
311,-0.0015928745269775946,0.0018112707186739858
312,-0.0013615489006042897,-0.00019651926934988022
313,-0.0052645206451416016,-0.0009455982780237371
314,-0.0006123781204222939,0.0017831963350595124
315,-0.0006541013717652061,-0.004498823989797146
316,-0.0009981393814087053,-0.0038813192971916062
317,-0.0033785104751586914,0.001864951321932026
318,-0.00011277198791499743,0.0010888428068077077
319,-0.0006054043769836981,-0.0006529735982021714
320,-0.002660036087036105,0.0007460098105126023
321,0.0007252693176269115,0.0034777742393299576
322,-0.0024081468582154014,-0.0008839751044858651
323,-0.0007802844047546942,-0.0049610081475366065
324,-0.005148172378539997,0.00034458435536319253
325,-0.004185795783996596,0.0029647628091787645
326,-0.0015715956687926969,0.0040430279120800255
327,-0.0016058087348937988,4.13575660872378e-06
328,-0.0005244612693786066,0.0006185318734397321
329,-0.004019379615783594,-0.0027457022959959105
330,-0.0021843910217285017,0.002673966039795225
331,-0.0012769103050230962,6.874985182518718e-05
332,-4.744529724119706e-05,-0.0021525322074415058
333,-0.0021951198577881,0.0009136971519587558
334,-0.0014952421188354076,0.00590582785443602
335,-0.0062273144721985,0.002960198243844178
336,-0.0015694499015807967,-0.002852607059909962
337,-0.0011875629425047995,-0.0031520659461700177
338,-0.001390218734741197,-0.0018433638458930219
339,-0.0034755468368529996,0.0018140625889158928
340,0.0005234479904175082,0.0002919643125086288
341,-0.0018408298492431918,-0.0003841240929096897
342,-0.003534317016601604,-0.0034423254592407704
343,0.0024536848068237027,-0.0009755507759722007
344,-0.0057995915412902,-0.0009423153600007615
345,0.002344548702240004,-0.0036404254746744517
346,-0.0019640922546386996,-0.0018996010610202148
347,-0.0030944943428040106,0.0032115515158823637
348,0.0004538893699645996,0.002944945085808514
349,0.001226007938385093,-0.0032334724655921658
350,-0.0011351704597473006,-6.623993344761196e-05
351,0.0004438161849975031,-0.00256892966557293
352,-0.004269480705261189,-0.0004426029034488416
353,0.0004007220268250067,0.0023825153647509894
354,-0.0011563301086426059,-0.0018184289501711644
355,-0.000593841075897189,0.00035937831327635965
356,-7.313489913939042e-05,0.0006384187571586404
357,0.0006179213523865024,0.0023662942002652815
358,-0.0021951198577881,0.0009536859706483484
359,0.0003234148025512973,0.00010814135507395106
360,0.00014591217041010074,0.0012056627466861427
361,0.0010533332824707031,-0.001864026035439502
362,-0.0035322904586791992,-0.003049222034000472
363,-0.0012943744659423967,0.0013890216441963725
364,5.5849552154610405e-05,0.00020378499479221249
365,-0.0002759099006652971,0.00046440813423225685
366,-0.0008867383003235002,0.00011009131197750718
367,-0.0022527575492858887,-0.0033626416569189025
368,-0.0014012455940246027,-0.0005130103061590501
369,-0.0013834238052368025,-0.0019473643359767937
370,-0.001298546791076688,-0.00013108395078497624
371,-0.003827035427093506,-0.0003843771783840329
372,-0.0026226639747619906,0.002272662923363646
373,-0.0013551712036132951,-0.0020123614094059617
374,-0.0027925968170166016,0.0022097438777696167
375,-2.1338462829589844e-05,0.0033205150716846743
376,-0.00015592575073239412,-0.0002795742570539907
377,-0.003591656684875391,-0.0005964932028992102
378,0.0017867088317871094,0.002345585320381912
379,-0.0020568966865539967,-0.0011185031365837515
380,-0.0008868575096129955,0.0014277399076155787
381,-0.0009642839431762001,-0.00469182814753513
382,-0.00015527009963990646,-1.994816371969166e-06
383,-0.0011454224586486955,0.0011812582386148075
384,0.0013973116874694963,0.001510229543765626
385,0.002891778945922796,0.004164983794254678
386,-0.0008162260055541992,-0.002554852572275132
387,-0.0007853507995606024,-0.0032340186718156894
388,-0.0020473003387451033,-0.000418109680502214
389,0.0032966136932373047,0.002866603873664378
390,-0.0014607906341553012,-0.0036287540900822543
391,-0.0009639263153076033,-0.0014398262841802051
392,-0.0021510124206543108,0.00029828350020989704
393,-0.002048254013061593,0.002469011073798453
394,-0.0006716251373291016,0.004776727292351393
395,-0.0030284523963928084,-0.00027520503382845376
396,-0.0016047358512878002,-0.0001799758960947551
397,-0.0002118945121764998,0.002222342738582605
398,-0.0024539828300475935,-0.0012485458003652081
399,0.0004567503929138045,9.94363343916497e-05
400,0.006748914718627902,-0.0010601746923350332
401,0.00027632713317871094,0.0021807631922249704
402,-0.0011621713638305942,-0.001324856947960568
403,-0.004640340805053697,0.00037845177647999274
404,-0.0008110404014588096,0.0027528985381944007
405,-0.001452028751373291,-0.0026480339375492723
406,-0.0030972361564635953,-0.00031420303918354626
407,-0.0006725788116454939,0.0027877681218420043
408,-0.0029765963554382047,0.0002791443457740902
409,-0.0003448724746703963,-0.0030701216310434834
410,5.048513412481137e-05,0.0005881511048764351
411,0.00028395652771000257,-0.00013859635235073388
412,-0.0009062886238098006,0.0017865856576663789
413,-0.00028538703918459807,0.001495973651790399
414,-0.004462063312530504,-0.0004171669370273761
415,2.3543834686307052e-05,0.0016393552696106835
416,-0.002566754817962702,0.0007516247587259324
417,-0.0008298158645630022,0.0013732971471944878
418,-0.0031765103340148926,-0.0011071406393795109
419,-0.003698110580444308,-0.0007137135958353611
420,4.2080879211398026e-05,0.0011787105937721906
421,-0.0027202367782592912,-0.0013372873081220341
422,-0.00022256374359129472,0.0016440658136089297
423,-0.0016510486602783064,0.00336325886510447
424,0.0011832714080810963,-0.0007239117449609469
425,0.0004948973655700128,-0.002393486253154854
426,0.0010145306587219932,-6.008247965363219e-05
427,-0.0016287565231322965,-0.0008729636440065381
428,-0.0005854368209839006,-0.0010417654670831855
429,-0.0008162260055541992,0.0006187575561616275
430,-0.0041055083274842,0.0012035006914422714
431,0.0007092952728271068,0.0010135394390020883
432,0.007376432418823312,-0.0005660490651606351
433,-0.0027508735656738004,-0.0021923018485283845
434,0.002061069011688191,-0.002167712434341795
435,0.0019303560256958008,-0.0025473365229259047
436,-0.0015292763710021973,0.0013183610178248996
437,0.0004832148551941057,-0.0005225084153666211
438,0.0004920363426209051,0.001767313061286132
439,0.00023633241653439607,0.00011131243971024328
440,-0.002202987670898396,0.002321775509867673
441,0.00013601779937739977,0.0012893383105344017
442,0.00014740228652951326,-0.00036324802262008673
443,-0.0006578564643860002,-0.0041870648558974665
444,-0.002740323543548598,0.0020625144946084103
445,-0.0016344785690307895,0.0005608779730194709
446,-0.0012336373329163014,-0.0011905739259103457
447,0.0013495087623596053,-0.00014550671019381624
448,-0.00044608116149900956,0.0014980871854873563
449,-0.001680016517639188,-0.0013170446201986442
450,-0.002437233924865792,-0.0015575398324470596
451,-0.002901613712310791,-0.0007498477271959713
452,-0.0003865361213684082,-0.0013452471539725853
453,-0.002484321594238295,0.001937943451168787
454,-0.0011971592903137068,0.00020463030343266365
455,-0.00034499168396000257,-0.0040994936778354606
456,0.0012036561965942938,-0.0005807114237214244
457,-0.0031987428665160994,-0.0030659408662008373
458,-0.001964271068572998,-0.0023310588109236243
459,-0.0012575387954711914,0.003166110718910745
460,-0.0023232102394104004,0.0018728787095849417
461,-0.002308130264282199,0.001673086704367245
462,4.088878631589021e-05,-0.0008708082438996294
463,-0.004625678062438993,9.957333277730185e-05
464,-0.0023549199104308943,-0.0008520981907822444
465,-0.00010788440704349866,0.0024848765975420996
466,0.0020167827606201033,-0.0008502195098545788
467,-0.002947807312011691,0.0009678300093012129
468,-0.0017796754837035994,-0.0004275351766300019
469,-0.0021912455558776994,-0.00010725338618213075
470,-0.003175854682922405,-0.002429460461142049
471,-0.00107592344284059,-0.0013578808877950422
472,-0.0021581649780273993,-0.0017578431181956942
473,-0.00018078088760369038,-0.001369561781189106
474,-0.0015109181404113908,0.0026829568203992787
475,-0.0019643902778626043,0.0007002507756092916
476,-0.0017362833023071012,-0.001914480053759775
477,-0.0003481507301330983,-0.0012868958196643626
478,-0.0017580986022948941,-0.0008890300192514424
479,-0.000785171985626304,0.0009644526995454095
480,-0.0007625222206116,-0.00026536424093626934
481,-0.004282414913177504,-4.444047236643186e-06
482,-0.00185292959213261,-0.0010799973366428148
483,-0.002900779247283991,0.0020930569325247174
484,-0.002038478851318401,0.00014044804355062526
485,-0.0026151537895202914,0.00039968752375011513
486,-0.002582013607025202,-0.0003249343551814214
487,-0.0008989572525024969,-0.00011906494943390687
488,-0.0009263157844544012,-0.0005057918202116618
489,-0.002530097961425809,0.00011813123201028446
490,-0.0023773312568663996,-0.0024974838436353317
491,-0.003519773483276298,0.002547002573405324
492,-0.003010571002960205,0.000518716573364764
493,-0.000845432281494099,-0.0004121576624323513
494,-0.0015755891799926064,0.0006973303779927959
495,0.0008414387702942033,-0.00020859316029331977
496,-0.0002435445785523016,0.0007503663759148792
497,-0.0015103220939635953,-0.0019763447439547473
498,-0.0009298324584960938,0.001328886431493544
499,-0.002745270729064997,0.0015257901441050536
500,-0.0018061399459839006,0.0013996153094621166
501,-0.0044673681259155,0.0030622216991687797
502,-0.0019043087959289967,0.0009540347315948218
503,0.0006567835807800015,0.0002763219178781506
504,-0.002769649028777993,0.0005105421613633192
505,-0.006163060665130601,-0.001152396436575623
506,0.0006283521652222096,-0.0033533759235705235
507,-0.0011072158813476007,0.0007934071764658291
508,0.0004579424858093123,-0.0011152189637856644
509,-0.002345740795135498,0.0007697120166195289
510,-0.0011599063873291987,0.0001622806626460656
511,-0.002039670944213895,-0.002443287756800311
512,0.004166662693023709,-4.367424600372678e-06
513,-0.0018511414527893066,0.0015246366573626094
514,-0.002172470092773396,-0.0002533678618926383
515,-0.0008496642112731934,-0.0005795107937241825
516,-0.0016187429428101002,-0.004195940642450738
517,0.00029838085174560547,-0.001027185027103682
518,-0.0008041262626647949,0.001223348490997892
519,-0.00048571825027469984,-0.001463367997301438
520,-0.001706123352050809,0.00014270988740056685
521,-0.00010687112808219212,0.00037086184283999246
522,-0.0004796385765075961,0.00048262045709673396
523,-0.000671744346618694,0.0019001421228028613
524,-0.0012629032135009904,-0.003638878727995658
525,-0.001108527183532701,0.0019313995748230324
526,-0.0020291805267333984,-0.0029801651836638536
527,-0.0007646679878234863,0.0015480381612105383
528,-0.0004709959030150951,-0.00033357481424644685
529,0.0004189014434815008,0.0002902733226517051
530,0.0005968809127808034,-0.006037923636883578
531,-0.0031295418739318986,-0.002114427752000722
532,-0.0003375411033629955,-0.0007002573829903661
533,-0.001118779182434096,0.0014389626720590206
534,-0.0002635121345519881,-0.002117090094125743
535,-0.0007272958755493025,0.0010046611998393324
536,-0.0019430518150330006,-0.0028153182523768345
537,-0.0006105899810791016,0.0004663335089096429
538,-0.0009298324584960938,0.0006104620972732618
539,-0.0034573674201964916,-0.0005240679232228992
540,-0.0015268325805664062,-0.0015906856073740886
541,-0.0005838871002196988,0.0002457340817077452
542,-0.0012597441673278947,-3.3449584132615776e-05
543,-0.0020809173583984097,0.00015904069511047384
544,-0.004224359989166204,0.0012091057098189996
545,-0.004204869270324707,0.0009678177048403205
546,-0.001976311206817599,-0.0015934693571486268
547,-0.0009143352508544922,0.0002727313893962482
548,-0.0014684200286864957,-0.0008591872687554647
549,-0.0020412206649780967,-0.00035496102452715493
550,2.3543834686307052e-05,-0.00015686012502214686
551,-0.001916825771331801,-0.0023596377506215327
552,-0.00193083286285399,0.0008044810334910777
553,-0.0006012916564941961,0.000342990611755331
554,2.133846282960372e-05,0.0008232368063960243
555,-0.00232839584350579,0.0009357210520676262
556,-0.0003808736801146906,-0.0019285260082682815
557,-0.0011599063873291987,-0.0006674812418813125
558,-0.001459836959838895,-0.0009684662991762231
559,-0.0010926127433776994,-0.002016929944357715
560,-0.0018295645713806985,0.0011797990686036187
561,-0.0014022588729857982,-0.0007939292407470578
562,-0.0023632049560547014,0.0009782400081964633
563,-0.0022185444831848977,-0.0012701005399824402
564,-0.0007366538047790944,0.0018628232918033326
565,-0.004187107086181599,6.673964925540425e-05
566,6.568431854249435e-05,-0.00239849809488577
567,-0.0022857189178466936,-0.00021801907898144667
568,0.0002758502960205078,0.0013644660598260375
569,-0.00107592344284059,-0.002893752793788707
570,0.0005154609680176059,-0.0012931613225792796
571,-0.0028078556060791016,0.003382555439147721
572,-0.00027459859848019685,5.8307847899293673e-05
573,0.0002709627151489119,-0.0009145680420764122
574,-0.001964271068572998,-0.00014667472713976318
575,-0.0008860826492309987,-0.000680468022883673
576,-0.002833604812622098,-0.0022196240839528654
577,-0.001301944255828899,-2.1965163065086997e-05
578,-0.0030972361564635953,0.00045548892710672113
579,0.0005457401275634904,0.00014902762918816853
580,-0.0015552043914794922,9.358769707589951e-05
581,0.00027012825012209807,-0.0008986775131260379
582,-0.0028280615806580006,0.0018866552248169768
583,-0.0019892454147339006,0.004650271941283533
584,-0.0018158555030822893,-0.0009374491988331573
585,-0.0034086108207701943,-0.0008840916345457135
586,-0.004182517528533908,-0.0011043323107696756
587,-0.0007663965225220004,0.0015137214573041455
588,-0.001834809780120794,-0.0021664265890603733
589,-0.0013304948806762973,-0.0006896398387456478
590,-0.0012971758842467984,0.0007502917160096161
591,-0.0014160871505737027,0.0008662178102391271
592,-0.0019239783287048895,0.0014972812025601636
593,-0.001074314117431599,-0.0009425808563873153
594,-0.0008137226104736051,-0.0004766987426288316
595,-0.001845061779022189,-0.000992694973222295
596,-0.0007709264755249995,-0.0005957051244724568
597,0.0028539299964905063,0.0002437127455867975
598,-0.0011875629425047995,4.751955415287611e-05
599,0.001572549343109103,-0.0011443143671428038
600,-0.001344025135040297,0.0002827990721254276
601,-0.0013759732246398926,-0.0007119347410000197
602,-0.0016685128211974959,-0.0018530301303535358
603,-0.002038478851318401,0.00015251058581683923
604,-0.0008501410484312993,0.0020582703644231293
605,0.00025844573974610763,0.002050509146159798
606,-0.0033251047134398998,-0.0017307442002641958
607,0.00027632713317871094,0.0034844839133029546
608,0.0004502534866332869,0.0009198575299051388
609,-0.0016138553619383933,-0.0010463585453263776
610,-0.0014217495918273926,-0.0002458301939225994
611,-0.0022181868553162037,-0.003852895901286534
612,-0.002650797367095989,-0.00031848560825288694
613,-0.0016058087348937988,0.0012655372712016453
614,-0.0034227371215820035,0.0013348407158139885
615,-0.004622042179107694,-0.0003330390277470753
616,-0.0017527937889098982,0.0018273082438188507
617,-0.00036239624023440276,0.003298015537393658
618,-0.004695057868957506,-0.0015872945957802211
619,-0.001819074153900091,-0.001388629602197349
620,-0.004320204257964991,-0.0005763887321636663
621,-0.002132534980773898,0.0020613761586941674
622,-0.002389073371887207,0.0004904177103008462
623,-0.0006788372993468961,0.0009680681607415934
624,-0.0004947185516357006,-0.001960880019585341
625,-0.0022625327110290944,0.0015911790280567285
626,-0.0024589300155640065,-0.0006004153481522553
627,0.00012147426605219058,0.0003273612500576939
628,-0.00019991397857660465,-0.0004670215446656792
629,-0.0013551712036132951,0.0010155133107962388
630,0.00025761127471930767,0.002680684651844603
631,-0.0003753304481506903,-0.0003326125878259404
632,-0.0007585883140563965,0.0015912541833265617
633,-0.0008258819580077986,-0.0012099446762695737
634,-0.0014580488204956055,-0.002049115027160544
635,0.0003669261932373047,0.00018666090643774662
636,0.0009608864784241,-0.0001800051076564789
637,-0.0022414922714233954,-0.0030678382654978206
638,-0.0017486214637755931,-0.0011950416156800109
639,-0.0015292763710021973,-0.0003295407199130203
640,0.00014740228652951326,-0.0001619823896531623
641,0.0012202262878417969,0.003131252382238994
642,-0.0009199380874634067,0.0008487504723034215
643,-0.0020061731338500977,0.0022878189438995025
644,-0.00047844648361199116,2.9180712472205e-06
645,-0.002489626407623291,-0.0028024722917225635
646,-0.0021389126777648926,-0.0010943901202676346
647,-0.0011072158813476007,-0.001446625928711733
648,-0.0021245479583739957,0.0024684549214001555
649,-0.0008711814880370955,0.0013029539437202553
650,-0.0012454986572265903,-0.001001471144600411
651,-0.000640451908111489,-0.002083629427963638
652,-0.0008162260055541992,0.002462763398822205
653,0.0006948113441467008,-0.0009760235957219494
654,-0.001139044761657701,-2.2501062995138105e-05
655,-0.002823710441589397,0.00030469410804767063
656,-0.0006735324859619002,-0.0020247727590327817
657,-0.0040227770805359025,-0.0020517746037358106
658,-0.0005524158477782926,0.00010002006244679132
659,-0.0013193488121032992,0.0028241796524221038
660,0.002567648887634305,-0.0016462751783052774
661,-0.005376756191253607,-0.0007879173809194841
662,0.00043398141860960526,-0.0003205191435496582
663,-0.002989590167999198,0.0006227077366418291
664,-0.0013016462326049943,0.0014824545331347824
665,0.0003177523612976074,-0.0020453766723823206
666,-0.0017432570457458912,-0.0007132930008228303
667,-0.00041967630386349764,0.0024591357866423766
668,-2.539157867430253e-05,-0.0013625051848005331
669,0.0013729929924010953,0.00069143533645885
670,-0.0040619373321533064,-6.801440127427064e-05
671,-0.001499116420745794,-0.0011647186351486803
672,-0.002846419811248793,0.0016502562334997054
673,-0.0008526444435120045,0.0010490933295336207
674,0.00038683414459229903,0.0005873295277403879
675,-0.004367589950561496,0.0002843756021339739
676,-0.0022720694541931985,-0.002746315780691058
677,-0.0006726980209350031,-0.0012633070097560672
678,-0.000729560852050698,5.860495658561738e-05
679,0.000986456871032701,0.0006438227830225448
680,-0.0015867948532103937,0.00016229279295927482
681,-0.0045271515846253,0.0034344403339130716
682,-0.001964271068572998,-0.003030629623745582
683,-0.0010981559753417969,-9.734337152681678e-05
684,-0.0013551712036132951,0.0006231841336997794
685,-0.0009735822677612027,2.26617962918697e-05
686,-0.0025121569633484025,-0.0003571837197216308
687,-0.0012263059616089006,-0.0017703300711097497
688,-0.0006871223449707031,-0.0002241858916639501
689,-0.0019043087959289967,-0.0034281456622061875
690,0.0021122097969055037,-0.0019268087992874714
691,-0.004427313804626493,0.004793868378043697
692,-0.0025802254676818986,0.0011470907348203096
693,-0.0026515126228332936,-0.00014259077965876005
694,0.00015753507614139906,-0.0013772648564168487
695,4.810094833371248e-05,0.0017377193245105907
696,-0.0029652714729308943,0.000793314885201697
697,-0.0027114152908325057,0.00289403272824072
698,-0.0023579597473144948,-0.002645643278782975
699,-0.0004773736000061035,-0.0036459608357256937
700,-0.001971304416656494,0.0022147481288942693
701,-0.00018334388732908768,0.0017379722510167612
702,-0.00020265579223630037,-0.003655184530897787
703,0.00022995471954349866,-0.0013224168485068519
704,-0.0009933114051818986,5.1953227488549464e-05
705,0.002209246158599895,-0.0016990393027963668
706,-0.0007709264755249995,0.0011586683650905282
707,0.00013399124145510588,0.00029022943829598103
708,-0.0008240938186645924,0.0003143303267223157
709,0.000692009925842299,0.0009332398915098079
710,-0.0012336373329163014,0.0017672893978000809
711,-0.0012529492378235002,-0.0002835514456404648
712,-0.0014796853065490029,-0.0012516441607366771
713,-9.763240814210372e-05,0.000881859536051704
714,-0.002433180809020996,0.0001754909499036063
715,-0.0013206005096434992,-0.004230226525732025
716,-0.0017447471618653038,0.0004715355293837668
717,-0.0019421577453613004,-0.0008464558562956276
718,-0.0011875629425047995,-0.0053139489070248985
719,0.00019955635070809108,0.0008625279122126949
720,-0.001536905765533489,-0.0023823679632949614
721,-0.003005206584930406,-0.0002966927846321225
722,-0.0012996196746825894,0.001355020881219019
723,-0.0014476180076598982,-0.001896741322391731
724,-0.0008049011230468056,0.00047424536921827107
725,-0.003979921340942397,-0.0010771778904843147
726,0.0015661716461182057,-0.0011261677246792296
727,-0.006393551826477009,0.00023886535501187024
728,-0.0016592741012572965,-0.0009572612708700444
729,-0.0009263157844544012,-0.0017138919264290259
730,-0.0027912259101867953,-0.004038574810640467
731,0.0002206563949584961,0.0014852647349913155
732,0.002583146095275893,0.001825358404548733
733,0.001619875431060805,0.0010142440762031986
734,-0.0010874271392822127,-0.0011326978857671443
735,-0.00012564659118659283,-0.0025806548079727195
736,-0.005355775356292711,0.0024770400960148257
737,-0.00045824050903318925,0.001388396377127589
738,-0.0012404322624205988,0.001912759364752271
739,-0.0031261444091797014,-0.0030737068773179937
740,0.0005524754524231096,0.001282169332557773
741,0.0012336969375609935,0.0002343574679900251
742,-0.0007797479629515908,0.0017837649241638281
743,-0.0011621713638305942,-0.0030820157633832833
744,0.0004502534866332869,0.000825770241057579
745,-0.0017639994621276994,0.0029682568106783698
746,-0.0010805726051330983,-0.0012401738526643666
747,0.0007610321044922014,-0.0005673004084284863
748,-0.001710653305053697,0.00364974892065085
749,0.0011705160140991072,-0.0003424743350941143
750,-0.0007562041282653947,-0.000616365058822783
751,-0.0017062425613403875,-0.0026129728412635548
752,0.0009559988975525041,0.0025990109532684352
753,-0.00023037195205689864,-0.0031735618530352905
754,-0.0024081468582154014,-0.00018022696852122502
755,0.0017033815383910994,-0.0008590340568423231
756,0.00010490417480470138,-0.0017929252515237585
757,-0.0023697018623352883,0.003655552112069356
758,6.568431854249435e-05,0.0008699964969144682
759,-0.00012564659118659283,-0.0004737422193359916
760,-0.0012300014495848915,0.001465248386594571
761,-0.0006678104400634904,-0.00017008256042820108
762,-0.0032948255538940013,0.0031917675045795833
763,-0.000924229621887207,9.123654278447616e-05
764,-0.00045824050903318925,-0.0005205686293272712
765,-0.0051828622817993025,0.004065751940793286
766,0.000770330429077204,-0.0013119525782076878
767,-0.0023912191390990933,0.001115346770574226
768,-0.002745270729064997,0.0016443991076838993
769,-0.0012637376785279014,-0.001567602668116319
770,-0.0018463730812071921,0.0005116132164694232
771,-0.0010906457901000977,-0.0015605630300267509
772,-0.0004959106445313055,0.0005645177201673514
773,-0.0002759099006652971,0.0030521956071622725
774,-0.000751793384552002,0.0002577986144964912
775,-0.0023627877235411904,-0.003978505581809994
776,-3.874301910400391e-06,0.003400960652192708
777,-0.0018516778945922019,-0.0012546644809217906
778,-0.0020971298217773993,0.0005729142896645813
779,-0.0006926655769348006,0.0004883656954943891
780,-0.0012153983116150041,0.0011237350866028265
781,-0.0007061958312988004,0.0016359688096503745
782,-0.0018463730812071921,0.003185258591251509
783,-0.0009048581123352883,-0.0018229104216945942
784,-0.0036714673042298057,0.0010600070972584192
785,-0.0009386539459228932,0.0029392405194041903
786,-0.002276480197906494,-0.0027249710106653103
787,-0.00010687112808219212,0.0005918145718858874
788,-0.003529250621795696,0.0012849509317420524
789,0.0008308887481688898,-0.0012496173924061065
790,0.002255856990814209,0.0014262570731094534
791,-0.0026627779006958008,0.0013483384508704956
792,-0.002345740795135498,0.0011857737671198566
793,-0.0025718212127685963,-4.14757305387153e-05
794,-0.001251578330993694,-0.0014695110257748046
795,-0.004005253314971993,0.0001067170618587659
796,-0.0034919977188109935,-0.0005402738260168508
797,-0.0016187429428101002,-0.0003344338060469312
798,-0.001752734184265095,-0.00039774846564081515
799,-0.004736363887786796,-0.00030429591338421456
800,-0.0014458894729614952,-0.0006624912622681557
801,-0.00017470121383669768,0.0007735845591697152
802,0.0013495087623596053,-0.004199483467950041
803,-0.001216590404510498,0.0018112328946195523
804,-0.00033217668533319644,0.0007341394813818653
805,-0.0013529658317566057,0.000439788410022263
806,0.0009306669235229909,-0.0011039582024934336
807,-0.0016856789588927945,-0.0010500956816135495
808,-0.0007358789443970004,0.0026015293595532483
809,-0.0018763542175293108,3.083527609990609e-05
810,-0.0013759732246398926,-0.0003685056481923853
811,-0.0014860033988953053,0.0012213322822885004
812,-0.002557158470153892,0.00042106187478213185
813,0.0017369389533996998,0.0006416027156149078
814,0.00025516748428340563,0.001573759249083702
815,0.0002304315567017018,-0.0007196422818840977
816,-0.0017861723899842002,-0.0007380989332779021
817,-0.00034207105636600843,0.0014795721120913143
818,-0.0003375411033629955,0.0034210518787491672
819,0.0010557174682617049,5.3902793235873674e-05
820,0.0009562969207764088,0.0017892493661432302
821,-0.00013840198516840152,0.0011042307495668581
822,-0.0001819729804991982,0.0006023315074314002
823,-0.001435995101928697,-0.003121327674297561
824,-0.0029839277267455916,-0.0007400915559904684
825,-0.00025814771652218904,-0.002959139430536071
826,-0.0008280277252196988,0.000777514989546401
827,-0.0003753304481506903,-0.0017651842212886583
828,-0.004923641681671198,0.0018342480039098932
829,-0.002757251262664795,0.0032591971941188596
830,-0.001396358013153104,-0.00043504116657798334
831,-0.0021514892578125,0.0014108860452517657
832,0.0014358162879943986,0.004454563004272941
833,-0.0011866092681884904,8.235482160078562e-05
834,-0.001987755298614488,0.000577913735716438
835,-0.002914786338806097,-0.00033452465693448814
836,0.000522911548614502,0.005921621048629258
837,-0.0019513964653014998,0.001667538768826862
838,0.0006498098373412947,-0.0011580454710840898
839,-0.0003134012222290039,-0.0032154616172112103
840,-0.00012958049774169922,0.0016125012182229346
841,0.00028979778289800473,-5.980773802234759e-05
842,0.00033646821975710783,0.003004752754991232
843,0.0002413988113402904,0.004492284341751745
844,-0.0009476542472839911,-0.0014069595081395365
845,-0.002901613712310791,0.001499697315068934
846,-0.0008902549743651927,0.0005625539050179598
847,-0.0032052993774413924,0.0005065360963165563
848,-0.0011087059974670965,0.0011310608101057136
849,-0.00020265579223630037,0.0009148345761013649
850,-0.003102004528045696,5.157462893429083e-05
851,-0.0024036765098572055,0.0002469830288154819
852,0.00022995471954349866,-9.964858407867658e-05
853,-0.0029652714729308943,-0.0025885345774287892
854,0.000561237335205092,0.002224994733015633
855,-0.0003375411033629955,0.0002477855831953638
856,-0.0039262175559997975,0.001536085558031506
857,-0.0016897916793822965,-0.0002516438780769718
858,-0.0031530857086182057,-0.0018850867014911501
859,9.477138519289885e-05,0.0033231483575574855
860,5.322694778439607e-05,-0.00019323236136253744
861,-0.0017330646514892994,0.0007365471003638133
862,-0.002193152904510498,5.30489301955575e-05
863,-0.000622272491455092,2.1328224247136007e-05
864,-0.0012931823730468889,0.00047862577055733787
865,-0.0027294158935547014,-0.0002225931579722945
866,-0.006191611289978097,3.728807305085768e-05
867,-0.0005391836166381975,-0.0009478257365249953
868,-0.0003345012664794922,-0.000320754389102049
869,0.0009878277778625072,0.0016773692642484059
870,-0.0011820197105406882,-0.0012401333626655673
871,-0.0022910237312316895,-0.00041470131203423044
872,0.0002501606941223006,0.003314370164391423
873,-0.002059996128082303,-0.00047145740375691646
874,-0.0038952231407164972,-0.002555303301626576
875,-0.0019983053207396906,-0.002097768384701876
876,0.0003771185874938965,0.0008759189466723615
877,-0.00038158893585200915,0.002717524221772105
878,-0.000850379467010498,0.00048694021594938093
879,-0.0016287565231322965,-0.001877915139619157
880,-0.00157862901687629,0.0032383441133095256
881,-0.0008137226104736051,0.0025820284076630085
882,-0.0004419088363646906,-0.0007535670602170851
883,0.0001683831214904924,-0.0034425638930313165
884,-0.0028280615806580006,-0.004836637599207223
885,-0.001976311206817599,-0.0005168547209109238
886,-0.0018514990806580006,0.0004336462734900163
887,-0.0037121176719664972,0.0006139756345265378
888,-0.0037502050399780967,0.00011741347329550028
889,-0.002403914928436293,-0.000142092425886943
890,-0.0016510486602783064,-0.0011984694723383574
891,-0.0014857053756714006,-0.0003226568690054136
892,-0.0010906457901000977,-0.002664162284228198
893,8.36253166199008e-05,-0.0019673303327046557
894,-0.0007061958312988004,-0.0016415459201392876
895,-0.0010694861412049034,0.0021396815844978894
896,-0.0037525892257690985,-0.000649841229042396
897,-0.0008977055549621998,-0.00010028773605547621
898,-0.006031870841980008,0.0009232066862591156
899,-0.0012996196746825894,-0.0002294881537859666
900,-0.0025062561035155972,-0.002484189268714526
901,0.00047409534454349866,-0.0004123157024512108
902,-0.0001991987228393971,0.0012555950079005565
903,0.0005806684494018971,-0.0012957504306566464
904,-0.0011389255523681086,0.00273339682692019
905,-0.0019684433937072893,-0.0003155372675030288
906,-0.0009298324584960938,-0.0008595114436408882
907,0.00017648935317989,-0.0008080282054312669
908,-0.0036817789077759067,0.0014716993014085415
909,-0.0026819705963135043,0.0036015091260443496
910,-0.0024588704109190923,-0.0008710971055007652
911,0.00011187791824339433,-0.0010977654223233851
912,-0.003914058208465493,-0.003505514942431282
913,-0.0006272792816161971,0.0003858835973025459
914,-0.0040619373321533064,0.0021949101629603245
915,-0.0029372572898864885,0.002179707431357993
916,3.46899032593051e-05,0.003481305750739935
917,-0.0011573433876037043,-0.0009262168594636037
918,8.809566497811061e-05,0.0007923394281428352
919,-0.0019430518150330006,-0.0003032729911755038
920,-0.0007622241973877092,-0.00015133252292551981
921,-0.0027545690536498885,0.0009841380992513444
922,0.0008157491683959961,0.0014291129944436177
923,-0.001308083534240695,-0.0007964457919214585
924,-0.0004259943962097029,-0.001580109756314359
925,-0.003848135471343994,0.00018297314631029172
926,-0.0004510879516601979,-0.0012978443967978182
927,-0.0038605928421019953,0.001968350115799946
928,-0.0009065270423888883,-0.0010048480938447014
929,-0.0012971758842467984,-0.0014731318918994494
930,-0.0004773736000061035,0.0016075824024732925
931,-0.0004496574401855885,-0.00142839471805015
932,0.00018250942230220446,-0.0007579489259802513
933,-0.00017702579498289628,-0.0002714491685699208
934,0.0014823079109192033,0.0010844264454017562
935,-0.0017909407615661899,0.001893444226168836
936,-0.0004938840866089006,-0.0006376559805232221
937,0.00035852193832400236,0.0025907749055756268
938,0.0005017518997191966,0.002871982805085961
939,-0.0008752942085265975,9.701191940388227e-05
940,0.0003598928451538086,8.018067361011111e-05
941,0.0003408193588256003,0.00045014547875176
942,-0.0011737942695618092,5.477839591649613e-05
943,-0.0009081959724425992,0.0014466840014901994
944,-0.005001544952392592,-0.0004212537585013219
945,-0.0023620128631592074,0.0012671966663708476
946,-0.0004879832267760953,-0.0035618396554608356
947,-0.0005091428756714006,-0.0024832321621646516
948,-0.0022510290145874023,0.00025456842173243765
949,0.0008232593536377092,-0.0038426179925951758
950,-0.0020412206649780967,-0.0005416914646251292
951,-0.0067025423049927035,0.0003395392289258383
952,-0.0030539631843565923,0.0006902664613422734
953,-0.0046364665031433105,0.0016592171063120125
954,0.002190709114074693,-0.00510765935804515
955,-0.004568696022033705,-0.0016880965384847495
956,-0.001452028751373291,0.004259560409492828
957,-0.0005992650985717912,-0.0026390676615922737
958,-8.773803710940276e-05,-0.00214316686059754
959,-0.0024825334548950057,-7.485143896146445e-05
960,-0.002969324588775593,-0.0017485223584469722
961,-0.0005139112472534874,0.0014019419379940118
962,-0.002839744091033894,-0.0005662106515139269
963,-0.001052498817443806,0.0007785806458536788
964,-0.0007603168487547995,-0.00040287180723611884
965,0.00010985136032100329,0.0009023845763228528
966,-0.003349840641021798,0.0005745318989843391
967,-0.0025735497474670965,0.0029715147657216564
968,-0.001536905765533489,0.0016773610496495749
969,-0.0034506916999817033,-0.000378612020529977
970,-0.0007945299148559987,-0.0014872671442422143
971,0.00032866001129149003,-0.0017104747828316383
972,-0.0003583431243896068,-0.0003896016998791487
973,-0.0029869675636291088,0.00044978189099761977
974,0.0024580359458922924,0.002943390245364638
975,-0.0025731325149535994,-0.0021114500118096847
976,-0.0034751296043395996,-0.00289311970517892
977,-0.0031555891036987027,0.00011750353821327167
978,0.0011746883392333984,-0.0001218024788354869
979,-0.005678057670593303,0.0005040108537651635
980,-0.00012564659118659283,0.001320642156242182
981,-0.0018931031227110984,0.0013438791536820429
982,-0.0035637021064758023,0.0015074382923655665
983,-0.00298494100570669,-0.00040806514258575157
984,-0.0010954141616821012,-0.0011239601107290303
985,-0.0019379258155823031,-0.0024081146953249307
986,-0.002492070198059096,0.0023288779750863923
987,-0.0009635090827942033,0.0008527338814034652
988,-0.0024691820144654014,6.813581118296635e-05
989,-0.0017192363739014088,-0.0019829549217899077
990,0.0010677576065064032,0.0021987580991431246
991,-0.0027047395706176897,0.0025898177940873843
992,-0.0041439533233642994,3.7189686307379335e-05
993,-0.0058267116546631,-0.00022059890960679656
994,0.0016955137252808034,-0.0017903957473320517
995,0.00029838085174560547,-0.001827046859408496
996,-0.0009879469871520996,-0.001666570793944196
997,0.0005044341087341031,0.0025903509803217187
998,0.00033241510391239515,-9.193739641582703e-05
999,7.623434066771073e-05,0.000966045030273178
1000,-0.0013193488121032992,-0.0017465606275443143
1001,-0.002033948898315402,0.00035784921844937245
1002,0.0004988908767700057,-0.0016355431918669407
1003,-0.003938138484954806,0.0018455229966607345
1004,-0.00047844648361199116,0.0005121900109074909
1005,-0.00025814771652218904,-0.002060959234322621
1006,-0.0024532675743103027,-0.001652923438017565
1007,-0.0016300082206725935,0.000719741245887669
1008,0.000362932682037298,-0.000567251609088229
1009,-0.0007359385490417064,0.0014166103297833922
1010,-0.002530097961425809,-0.000762817371686874
1011,-0.00036597251892089844,-0.0018630639955289797
1012,-0.001697480678558294,0.002026952664506035
1013,-0.0006541013717652061,0.002200808783268527
1014,-0.0009065270423888883,0.0011502176049664563
1015,-0.0005488991737366,-0.0031582714770921477
1016,-0.0016894936561585028,-0.0007213630076635755
1017,-0.002000927925109905,-0.00018706689035927763
1018,-0.00272011756896981,-0.00015047777593813242
1019,-0.007807195186615004,0.002272196939812808
1020,-0.0009421706199645996,-0.0010188799932676453
1021,-0.001437604427337702,0.00327208085608445
1022,-0.0002635121345519881,-0.001413825671953038
1023,-0.0018793940544128973,-0.003031845511777255
1024,-0.0008250474929809987,-0.0005192033567473047
1025,-0.0011420845985413014,-0.002319341213537839
1026,-0.0036873817443846962,-0.001789093890352475
1027,9.01222229004045e-05,-0.0033775551048459748
1028,-0.00103759765625,0.000991339567765618
1029,-0.0009313225746155063,-7.715252950730646e-05
1030,-0.0012917518615723073,0.0019481719753965511
1031,-0.0015068650245666088,0.0005063920333222437
1032,-0.0026750564575194896,0.0021973027871306024
1033,-0.0010667443275451938,0.0008701566125931517
1034,-0.0027160048484802107,-0.0026543944735737566
1035,-0.0019379258155823031,-0.0013920286045282272
1036,-0.0010207891464232982,0.0006952510323592989
1037,-0.0016328692436217984,-0.0005106352227249877
1038,-0.0006726980209350031,0.0013660343881022102
1039,-0.0012139081954956055,0.0006061518132882706
1040,0.000720441341400202,0.0031138925075743272
1041,-0.0002835988998412947,-0.0020674714119677403
1042,-0.003112852573394803,-0.0015244458231947822
1043,-0.002437233924865792,-0.0017967386320498213
1044,-0.0017432570457458912,0.004984936569758241
1045,-0.0009495615959168036,0.0013537001599463663
1046,-3.796815872189607e-05,-0.0016732662151031908
1047,-0.0019760727882385948,-0.0031786044681486195
1048,-0.0006788372993468961,-0.0016205855207006216
1049,0.0004509091377258023,0.002656091348986818
1050,-0.0029628872871398926,-0.0005520012940180352
1051,-0.0006926655769348006,0.0002929533483532478
1052,-0.00028538703918459807,-0.0022857601356148995
1053,0.0005982518196105957,-0.0033798164198349996
1054,-0.00107592344284059,-0.0016277299394088683
1055,-0.0008977055549621998,-0.0020678437290404263
1056,-0.004447460174560505,-0.002458483513517608
1057,-0.0022064447402953963,-0.0017323123978073296
1058,-0.0006986856460571012,0.0008917313378279037
1059,-0.0007728934288025041,0.00017614297009068073
1060,-0.0008612275123596885,-0.002925018238592595
1061,-0.0009001493453979076,-0.000555763874063821
1062,0.00048273801803590255,-0.0027017407946947833
1063,-0.0002151727676391879,0.0013637845572982109
1064,0.0002512931823731024,0.00045816111232593426
1065,-0.00015622377395629883,-0.0005839823072196356
1066,-0.0004071593284606101,0.0033927501517390015
1067,-0.0003519654273986955,0.0009951519623243056
1068,-0.0003908276557921947,-0.001451605232823306
1069,-0.0004071593284606101,0.0014131936264504422
1070,-0.002833604812622098,0.00036893015694988533
1071,-0.0012692213058472096,-0.00040523873719206286
1072,0.0013613700866699913,0.00336908521557854
1073,6.324052810670333e-05,0.0008455098260316113
1074,-0.0012637376785279014,-0.0042161607896503885
1075,-0.0013201832771300992,0.0010566516377695718
1076,-0.002376139163970989,0.0014522201661811552
1077,-0.0014663338661193986,0.0011341243365496337
1078,-0.0005442500114441057,0.001692053206985514
1079,0.0006712675094603937,-0.0005607550678666225
1080,-0.002446413040161105,-0.0021493399906221114
1081,-0.0015683770179748951,0.0009889373494298289
1082,-0.0005165934562682967,-0.000301796753227391
1083,-0.0009961128234863004,-0.002193490875720171
1084,-0.0018270611763001043,-0.0031140731879120867
1085,-0.0031623840332030972,-0.0005526699377578713
1086,0.0002445578575134971,0.0015555557054249191
1087,-0.0012333393096923967,-0.0016160855596005635
1088,-0.0032191872596741,-0.004817101739653712
1089,-0.0017708539962768,0.00441283805790258
1090,-0.001501560211181599,0.0008988616898831055
1091,-0.002707421779632596,0.0005415003309097169
1092,-0.0013751387596130926,0.0011660385432749366
1093,-0.002514004707336495,0.0019237816644065925
1094,-0.0013936161994933943,0.001019257282626218
1095,-0.0010802745819091936,0.0009647713726218871
1096,0.001084983348846394,-0.0012949080663643704
1097,-0.002697467803955106,-0.0016614567213443308
1098,-0.0014874339103699008,-0.0010459245585999072
1099,-0.0010860562324524065,-0.0002822763241436914
1100,1.788139343260331e-05,0.0007386421703224669
1101,-0.002313911914825509,-0.001049295984107659
1102,-7.784366607670179e-05,-0.0013062632957691392
1103,-0.0008377432823181014,-0.0003602150529290988
1104,-7.754564285269994e-05,0.00022930733087707402
1105,-0.0020452737808226984,-0.0004764996379715375
1106,0.000745654106140109,0.001115357222613274
1107,-6.794929504297387e-06,0.0019917073881319546
1108,-0.0004876852035521906,-0.003157912413038439
1109,-0.00031936168670648746,0.0002565217904284572
1110,6.914138794000824e-06,-0.0004118759932095254
1111,-0.00020265579223630037,0.002919579636182215
1112,-0.0012480020523071012,-0.000423587011274916
1113,-0.001081764698028606,-0.003369559134865879
1114,-0.0012646317481993935,6.293976862229911e-05
1115,-0.0016614794731141108,-0.0002370796612283185
1116,0.0006154775619506975,-1.6404342594335016e-05
1117,-0.0014796853065490029,-0.0013335961525916522
1118,0.0020455718040467002,-0.0009405450773330213
1119,-0.003005206584930406,0.0014356966524198228
1120,-0.0002892017364501953,-0.0049288916763000285
1121,-0.004592955112457192,0.001780379593536651
1122,-0.0014517903327942033,-0.0004755216325346142
1123,-0.0011349916458128911,-0.0010720030172564857
1124,-0.0020028352737426897,-0.0002030052088391634
1125,9.208917617800627e-05,0.004780815620629161
1126,-0.0021905899047852118,-0.0028336851191990125
1127,-0.0010533332824707031,-0.00024378008109081353
1128,0.0004482865333557129,-0.0007217267468169925
1129,-0.0036725997924804965,-0.0008076441332577379
1130,0.0003443360328674039,0.0006493749596209998
1131,-0.0024498105049133995,0.00368878109124269
1132,-0.0010802745819091936,-0.0024217936786375457
1133,-0.004240334033966092,-0.0008370497962432555
1134,-0.003782987594604506,0.0011850063596778797
1135,0.0002413988113402904,0.0005758937990727479
1136,0.0004948973655700128,-0.000937927837667465
1137,-0.002687215805053697,-0.0005923647616964363
1138,0.0014486908912659108,-0.0008752682119513965
1139,-0.0007732510566711981,0.001579748193472836
1140,-0.001475155353546198,-0.0002791327011275968
1141,-0.0026906728744506975,0.0007479487041772035
1142,-0.002658665180206299,0.0037955684466592704
1143,-0.0009855628013610979,0.002840865991899545
1144,-0.00369912385940549,0.002805757430301521
1145,-0.0019573569297790944,0.0011395062058915315
1146,-0.002331316471099909,-0.000448483389183552
1147,-0.0021594762802123885,0.0014305236937112722
1148,-0.0015822649002075057,0.0038386224809105066
1149,-0.002346992492675809,-0.002794137503691875
1150,-0.0032029151916502935,0.0003054057799051365
1151,-0.005034148693084689,-0.0007235479452981537
1152,-0.0003134012222290039,0.0002757836243824261
1153,-0.000851213932037298,0.002023112636326883
1154,-0.002925097942352309,-0.0004970477309496265
1155,-0.002540409564971896,-0.0022344399280139634
1156,-0.0011072158813476007,0.0008448090434331326
1157,-0.0007339715957642018,0.001863699308976794
1158,-2.1338462829589844e-05,0.0029407604226469935
1159,-0.00013840198516840152,-0.0016223813613854049
1160,-0.0019162893295287947,-0.0007573483181805384
1161,0.0010954141616821012,-0.0006488839005652918
1162,-0.0005496740341185968,0.0008142556907814422
1163,-0.00022250413894649157,0.00025551849780092433
1164,-0.002260744571685791,0.00020434405692148667
1165,-0.0034045577049256065,0.0008570749471720042
1166,-0.0010262727737427035,0.0011024266801516786
1167,-0.0002708435058593056,0.0012543208277157717
1168,-0.002040922641754192,-0.0011023559174893399
1169,-0.001571595668792794,-0.0014080041023919714
1170,-0.002633512020111098,-0.0018452116944225785
1171,-0.0020360946655272882,0.002601092912000743
1172,-0.00028449296951299496,0.00045593114276516245
1173,-0.0021245479583739957,-0.00018909509806784873
1174,-0.0036351680755614957,0.00028616123862648874
1175,-0.0014796853065490029,0.0008133360326938752
1176,-0.0011364817619324008,-0.0013513595336162748
1177,-0.0011758804321288924,0.002007247014779786
1178,-0.0028078556060791016,-2.8924230685156093e-05
1179,-0.0029631853103637,-0.0034137497570279575
1180,-0.0016077756881714006,0.0007809035725605423
1181,-0.00038158893585200915,-0.0014430022876189665
1182,-0.0009495615959168036,0.0012638247336743103
1183,-0.0009648203849793036,-0.00013627217948738866
1184,-0.0035322904586791992,0.0008143506917580385
1185,-3.796815872189607e-05,0.0008728963964232711
1186,-0.00206774473190309,-0.0014423617616009367
1187,-0.002014935016632094,0.0023069793259847906
1188,-0.001475155353546198,-0.0008294228999678259
1189,-0.001736581325530992,-0.00036139966132050995
1190,0.0006847381591797014,0.0008881258035844375
1191,-0.0009085536003112932,0.0010303452775215945
1192,0.0005512237548827986,-5.7542226245686586e-05
1193,-0.0012123584747313898,0.0001590892986531233
1194,-0.001139879226684598,-0.001277420469087892
1195,-0.00015181303024289217,0.000329963124676401
1196,-0.0035637021064758023,0.003527303677934914
1197,-1.627206802369552e-05,0.001345023605754767
1198,-0.0011197328567505022,0.0017983308353480161
1199,-0.0034045577049256065,-0.0004767070635628243
1200,-0.0026102662086486955,0.0005374976364156381
1201,-0.001737415790557903,-0.0009124194323643485
1202,-0.0006825923919678012,-0.003939753473180778
1203,0.0002758502960205078,0.0017386782605159949
1204,0.0006971359252928994,-0.00012717614743604157
1205,-0.0030325055122376043,0.0002785433529661995
1206,-0.001459836959838895,0.0018135356189943044
1207,0.0021504163742065985,-0.0003390813293863061
1208,-0.0010625123977660994,0.0008624161122059522
1209,0.0006179213523865024,0.00047127095646957626
1210,-0.001834809780120794,0.00046878305402177876
1211,-0.0024406909942626953,0.00033466918278481485
1212,-0.001301169395446708,-0.0012201228344439
1213,0.0004899501800536971,0.0011116876708903679
1214,-0.00023770332336429945,-0.001041214374353755
1215,0.00034713745117190276,-0.002967596764017938
1216,-0.004543423652648912,-0.001901706978170726
1217,0.0017091035842896063,0.0019129764590696545
1218,0.0004290938377379955,-0.00234458956663791
1219,-0.0016287565231322965,-0.001171386932248615
1220,-0.004992961883544908,-0.002566824207332806
1221,-0.0010381340980529924,-0.0001593119289553333
1222,-0.0019409656524659036,-0.0011160223843567035
1223,-0.0019892454147339006,0.003780444242644137
1224,-0.0008798241615295965,0.0005277853559834429
1225,-3.546476364130191e-05,0.0001938730041131204
1226,-0.003715217113494901,0.0016087562589072717
1227,-0.0001357197761535922,-0.001562356018600861
1228,-0.0022257566452026922,0.0010889600926318678
1229,-0.0011583566665650108,-0.0005679406010505333
1230,-0.002901613712310791,-0.0017676996430782909
1231,-0.002336144447326702,-0.002596881512041731
1232,-0.0010823011398315985,0.0020465301133930263
1233,-0.001681804656982408,0.000666017601186178
1234,-0.0021522045135498047,0.0027578343379114677
1235,-0.0005816817283630926,0.0007007281393012812
1236,-0.00232839584350579,-0.0015114589402468773
1237,-0.0016802549362181923,-0.0007145500669846714
1238,-0.0015460252761839988,-0.0012019907682013595
1239,-0.005975604057311998,0.002258945710906094
1240,-0.0015683770179748951,-0.001701818890099749
1241,-3.099441528292557e-06,0.0023167249838721405
1242,-0.004523992538452107,-0.00046732418848477745
1243,-0.0023508071899414895,-0.001172652847820435
1244,0.00046205520629880037,-0.002533399727625668
1245,-0.0009001493453979076,-0.0018028473414702663
1246,0.0016983747482299943,-0.000907030375777905
1247,-0.00041478872299199887,-2.2757616831464384e-05
1248,-0.0012262463569641946,0.0009337414528038426
1249,-0.0007918477058409951,-0.0004847654666491671
1250,-0.0022050142288208008,-0.0009219946444307806
1251,-0.002093374729156397,0.002035478503559053
1252,-0.003966510295867989,0.0023274221160487253
1253,-0.00041997432708740234,0.0014834042842653522
1254,-0.003312706947326702,0.0006396514805143066
1255,-0.0035758018493652066,-0.000349456209126331
1256,0.000451982021331801,0.0006811703699128407
1257,-0.004941284656524603,-0.0006511148238107791
1258,0.00022214651107789474,0.0014178619117839737
1259,-0.0008983612060545904,-0.0001930634029958498
1260,0.0005051493644715049,0.0028311635441158984
1261,-2.485513687140728e-05,0.000760602976044595
1262,-0.0019849538803101002,0.0008074778975270273
1263,-0.002346873283386189,0.0009659317547197676
1264,-0.005439460277557401,0.00046238387720889463
1265,-0.002048254013061593,0.0019954806194059063
1266,-0.001216948032379192,0.0026912743790918677
1267,-0.00020420551300050216,0.00010308702327980397
1268,-0.0006563067436217984,0.00018790985196583763
1269,0.0011317133903503973,0.004732587059568548
1270,-0.003703296184539795,0.0004991619149401317
1271,-0.0001448988914489885,-0.0010822142755638356
1272,-0.0024803280830383995,-0.001670018369271173
1273,-0.0002892017364501953,0.0009099980459506893
1274,0.00023633241653439607,0.0009334432655304536
1275,-0.0019684433937072893,-0.002074369073246951
1276,-0.0040863156318664,0.0021431787585614055
1277,-0.004005551338195801,-0.0009984176648150734
1278,-0.0018711686134337963,-0.001528831244965414
1279,-0.0008428692817687988,-0.0016054649483559892
1280,-0.003097891807556208,-0.00019863428098245147
1281,-0.000640451908111489,-0.002185459026092132
1282,-0.001216590404510498,-0.0016565677656481244
1283,0.001480460166931194,0.0009991249140892742
1284,-0.0016211271286010048,0.0007811728763749865
1285,-0.0009449720382690985,0.0023790214160669537
1286,-0.001434683799743694,-0.0023532400496109923
1287,-0.004011154174804701,0.001194072206665548
1288,0.0004098415374755998,0.0011487638855563948
1289,0.00039446353912359067,0.0005939639297737288
1290,-0.0035164356231689037,0.0010513372463849485
1291,0.0018653869628906111,-0.0007182321230582213
1292,-0.00010919570922850175,0.0021987244015841388
1293,-0.0028593540191650946,0.0014749895225759319
1294,-0.0015513896942137978,0.0011823882667684653
1295,-0.0022705793380738,9.075082076334188e-05
1296,-0.001572847366332994,-0.00028090940375117884
1297,-1.621246337890625e-05,0.0009340655316282331
1298,-0.001889646053314195,-0.0017053682710714457
1299,-0.0038976669311522882,0.00024228504696108507
1300,0.0005474090576172014,-0.002874340116423037
1301,-3.796815872189607e-05,0.00163000923812838
1302,-0.005578875541687012,0.0007866918653800975
1303,0.00024104118347169357,0.002057040349884342
1304,-0.0031093358993530967,-4.598526522960514e-05
1305,-0.0009868144989012978,0.0008939869089493951
1306,-0.0003449916839599887,0.0014618292512934355
1307,-0.001431882381439195,0.0009904932390184388
1308,-0.00037276744842529297,0.0015441760888553731
1309,-0.002193152904510498,-0.002044834281507178
1310,-0.0008250474929809987,-0.00036300514628003443
1311,-0.0006271600723266046,-0.0008093177803040525
1312,-0.0014580488204956055,-0.0006786183790828572
1313,-0.0005646944046019953,-0.0007598755243833755
1314,-0.0028977394104003906,0.0018962628660856929
1315,-0.003291726112365695,-0.0016601679319134532
1316,-0.0013513565063476979,0.0003117986609513471
1317,-0.0028011798858641884,0.0023902886584890857
1318,-0.0015068650245666088,-0.0004217391999579913
1319,0.00020951032638549805,0.0001505689486197338
1320,-0.0010625123977660994,0.0014317066017384818
1321,-0.0020204782485960943,-0.0001956708756024182
1322,-0.005489051342010498,-0.0013713132352491685
1323,-0.0020936131477356096,0.0019905925564301535
1324,-0.001434683799743694,0.0004209901841503639
1325,-0.0014860033988953053,0.0003585511237316894
1326,-0.004835009574890192,0.00027737823405183477
1327,4.732608795170179e-05,0.0014617915191293262
1328,-0.0006563067436217984,5.521711627338194e-05
1329,-0.0021245479583739957,-0.00131966639199554
1330,-0.002613842487335205,0.0011654761793915668
1331,-0.0009313225746155063,-0.003085056658980274
1332,-0.0013983249664307057,0.0011603719374552032
1333,-0.0018836259841917974,-0.0011639838718517156
1334,-0.0014607906341553012,-0.0009775817316483952
1335,-0.001434683799743694,0.0005239322576297245
1336,-0.0010625123977660994,-0.0043168818896677326
1337,-0.0008752942085265975,-0.001782283530870643
1338,-0.0037794709205626886,0.002853251930544462
1339,-0.0008977055549621998,-0.0010098646342937374
1340,-0.0007525086402892928,-0.0007855819380516032
1341,0.00012385845184330335,-0.0014793745819590772
1342,-0.00039422512054439196,0.001927949009024286
1343,-0.0011131763458251953,0.0021506617281535543
1344,-0.0019892454147339006,-0.001557129281543027
1345,0.0003058910369873047,-0.002984826694939647
1346,-0.002739608287811293,0.0043401702880052
1347,-0.0010790228843688965,0.0011054802249356789
1348,-0.0018476843833922924,-0.0024205433552359277
1349,-0.0029808878898620883,-0.0017288384566154068
1350,-0.0005458593368529996,0.0002567162159838114
1351,-5.6087970733600945e-05,-0.0039712106010027235
1352,-0.004185795783996596,0.00057665795129402
1353,-0.0013226866722107072,0.0014827076743175879
1354,-0.0023026466369629045,-0.0029461137270609754
1355,-0.005394577980041504,0.0039234624704666
1356,0.0014865398406982977,0.002411751449765393
1357,0.0001527667045593123,-0.00011189056931692866
1358,-0.0017120242118834894,0.00019558685291985048
1359,-0.004450082778930706,0.001815622266922806
1360,-0.0020003318786620955,-0.0017711369406314757
1361,-0.0012935996055603027,-0.0007341431832499069
1362,-0.002185642719268799,0.0015824360694264754
1363,-0.004838645458221491,-0.00012244287333897287
1364,-0.002731740474700997,-0.0005841301496458795
1365,-0.003027856349945096,0.0004933474212064837
1366,0.0006626248359679898,-0.0010496474750900464
1367,-0.001571595668792794,0.000514135403100864
1368,-0.0022185444831847867,-0.0011282573418263766
1369,-0.002193152904510498,-0.002661798005643396
1370,-0.003547906875610407,-0.0006021443609335388
1371,-0.0012123584747313898,-0.0005801257945279314
1372,-0.0015659332275391041,0.001322610787292646
1373,-0.0031360387802124023,-0.0018871998735306035
1374,-0.003518521785736098,-0.0001729955328800352
1375,-0.0006828904151915949,0.0004393339983598119
1376,-0.000433385372161893,-0.0012592166978023741
1377,-0.0019649267196654996,-0.0007637760133445622
1378,0.00017940998077389803,-0.0002905040250738401
1379,0.0001683831214904924,0.0013723541692057695
1380,-0.0012196302413940013,-0.002184642821010612
1381,-0.0022758245468138955,0.00016829319277488747
1382,-0.0016468763351440013,-0.0003922995445828311
1383,-0.0003856420516966941,-0.001609614491020497
1384,-0.0013005137443541925,-0.0036608309880499083
1385,-0.004662871360778795,-0.0011365281676644103
1386,-0.0031607747077941895,-0.0022726442543246107
1387,-0.0016200542449951033,0.0005081547026003487
1388,-3.278255462604851e-06,0.0035369243467935005
1389,-0.002132058143615695,-0.0005047563715825836
1390,-0.0015884041786193986,0.0016747603478073625
1391,-0.00037306547164910053,0.0019159436187424252
1392,-0.0017580986022948941,0.0001006313267179157
1393,-0.0019310712814331055,0.0024572591898210155
1394,-0.0015109181404113908,-0.0030904704254548663
1395,-0.0026906728744506975,-0.0006037332873272075
1396,-0.0019956827163695873,-0.0002842969119196446
1397,0.00041556358337400956,-0.00014688988811073934
1398,-0.0006970167160034041,0.0010061937740177569
1399,-0.001416206359863309,-0.0012279940177945645
1400,-0.0038781166076660017,-0.0023351042774824885
1401,-0.0004793405532836914,0.0013762012217686948
1402,-0.0016084909439087053,-0.0034040694688221044
1403,5.894899368280582e-05,-0.002008989667880184
1404,-0.0014187097549437921,0.0009853713489192306
1405,0.000384807586669908,0.0008476698681220194
1406,-0.0016152262687683938,0.0010520219729007834
1407,-0.0033422112464905063,0.002389114592117027
1408,-0.0004879832267760953,-0.000836213103729807
1409,-0.0030862689018249095,-0.0005573606400998558
1410,-0.0030239224433898926,-0.0037616345274162715
1411,-0.0009381771087645929,0.0001970390489798505
1412,-0.00041997432708740234,-0.002481290094321873
1413,-0.0026864409446717002,0.0035770493493372762
1414,-0.0017499923706055104,0.00016018213346134653
1415,-0.0003722906112669927,0.00016701699604179427
1416,-0.000317156314849798,-0.0013153120941286351
1417,-0.003291726112365695,-0.002329240995422365
1418,-0.001265645027160603,4.794321122667406e-05
1419,-0.0007766485214233121,-0.0004962243398787806
1420,-0.0011968612670898993,0.001473547794250874
1421,-0.001451194286346394,-0.0014796741104097252
1422,0.0009263753890991905,0.0003403165456310447
1423,-0.0012142658233641884,0.0003214193124233337
1424,-0.0014458894729614952,0.0021072939423951377
1425,0.00038087368011470446,-0.0017755372885482736
1426,0.00036382675170899825,-0.0004743199067632585
1427,0.00043398141860960526,-0.000739249729661221
1428,-0.003962218761444092,0.0010695765067544676
1429,-0.0014217495918273926,-0.0016998468313980282
1430,-0.0029947161674498957,-0.0012301779846910204
1431,-0.001204550266265897,0.002547778138705134
1432,-0.004926860332489,0.000831584628776154
1433,-0.0009857416152953963,-3.3742467319571315e-05
1434,-0.0020291805267333984,-0.0008104982416088033
1435,-0.0014217495918273926,-0.001045139248905114
1436,-0.003102004528045696,-0.002621355433801073
1437,-0.003612697124481201,0.0010707473832820952
1438,-0.006671249866485596,-0.001204404119019627
1439,-0.0009404420852661133,-0.00046693516116732615
1440,-0.00044500827789309416,-0.0019257211630721068
1441,-0.0019523501396178922,0.0010721841400488379
1442,0.002290487289428711,0.0011329311397246676
1443,0.0007202029228211004,0.001353138512400347
1444,-0.002697467803955106,0.0018940337917120473
1445,-0.0030944943428040106,0.0008243261139292414
1446,-0.001080036163330092,-0.0002959438082472196
1447,-0.001616239547729395,-0.0004234379833991484
1448,-0.0014010071754455983,-0.0038835279805555095
1449,-0.0015639066696166992,-0.001626518695258439
1450,-0.0010019540786742887,0.0015721529372591282
1451,-0.0029481053352355957,-0.002515047289054642
1452,-0.0007067918777465126,-0.0010665796004860166
1453,-0.002101540565490695,0.0007836296029257782
1454,-0.002617537975311293,-6.498287034055532e-05
1455,-0.0017964839935302873,0.0019741636449570016
1456,-0.005847454071044991,-0.00017847722306943442
1457,-0.0046681761741638045,-0.0018310726668637044
1458,-0.001563370227813693,0.00024574657756637
1459,-0.003374695777893108,-0.0014970218401179954
1460,0.0007644891738892018,-0.0007288375116683371
1461,-0.002267837524414104,-3.701353508653714e-05
1462,-0.0003110766410828053,-0.00011092920387920564
1463,-0.001298546791076688,-0.001864998605632967
1464,-0.0015050768852232915,-0.000853893101811187
1465,-0.00360715389251709,0.0020799968380589558
1466,-0.0023984313011169017,-0.00046050314495844555
1467,0.0012355446815491,0.002921214132436587
1468,0.0005986690521241067,0.0014280406517095529
1469,-0.002211749553680392,-0.0007711745593648195
1470,-0.0022625327110290944,0.0009514329828398299
1471,-0.0010954141616821012,0.0008707176961443691
1472,-0.0030634999275207936,0.0034202881208828507
1473,-0.0014545917510985912,-0.001680998973768474
1474,-0.00266152620315549,-0.0011109258696316536
1475,-0.002125144004821805,-0.0026426149696968508
1476,0.0008760094642639021,-0.0031570301336233146
1477,0.0030469298362732072,0.0007448903758305469
1478,-0.002995193004608099,-0.002954464731048909
1479,-0.0016195774078369002,-0.00040824351789979355
1480,-0.005286931991577204,-0.002502809038929112
1481,-0.0018455982208251953,0.0006641297940664328
1482,-0.0036873817443846962,-0.0032244600626342482
1483,-0.0013193488121032992,-0.0014639038239464429
1484,-0.0021356940269470076,0.00040181147704743646
1485,-0.002122521400451702,0.0007522394129383421
1486,-0.0006828904151915949,0.0025326320748103822
1487,0.0010512471199035922,-0.0011517949768788532
1488,-0.000593841075897189,-0.0006103500930755817
1489,-0.0008084774017333984,0.004527585882870014
1490,-0.0025282502174377997,0.0018447254714688258
1491,-0.0006629228591919084,0.0003116723148946589
1492,-0.0006105899810791016,0.00010940451896118982
1493,-0.0036354660987854004,0.000603016492837436
1494,-0.006021618843078599,0.0010423350056138843
1495,-0.0016856193542481024,0.0018499084515369972
1496,-0.0015068650245666088,0.001133145375135455
1497,-0.0008956789970397949,0.0007775884619308535
1498,-0.0036021471023559015,-0.0006728991072908709
1499,-0.0010201930999755998,-0.0013234131807576223
1500,-0.005301892757415799,0.001945100289160018
1501,-0.002769649028777993,-0.0015221697048023342
1502,-0.0006724596023559987,-0.0008677448132559066
1503,-0.0010524988174438893,0.00015356378196678858
1504,-0.0009487867355346957,-0.0007900071081491178
1505,-0.0013710260391235074,-0.00021299066078673027
1506,-0.004459261894226102,-2.6115466147808657e-05
1507,-0.00033217668533319644,-0.0012140838137695627
1508,-0.002533435821533203,-0.002231518984582446
1509,-0.0007625222206116,0.0002905098562938106
1510,-0.000801324844360296,-0.00030846483094959705
1511,-0.002135396003723089,-0.0009457003678717198
1512,-0.0009689927101135948,0.0012642416221308218
1513,-0.0018064975738525113,-0.001104469542881191
1514,-0.0026320219039916992,0.00016657273625242147
1515,-0.004081368446350098,-0.00189001196042308
1516,-0.0013206005096434992,0.00033011016648110093
1517,-0.00032275915145879575,0.0013356946741311733
1518,-0.0008667707443237027,-0.002514050717275623
1519,-0.0003235936164856096,-0.0010042583875548804
1520,-0.0003519654273986955,0.0023467587003032906
1521,-0.002405047416686998,-0.0023482702297421836
1522,-0.0009191036224365928,-0.000716952650179474
1523,0.0012908577919007042,-0.001068543030240952
1524,-0.0024205446243285994,0.0005035362524535753
1525,0.001194715499877902,-0.0005283109650266772
1526,-0.00101411342620851,-0.0015072278544552996
1527,-0.0058438181877136924,0.0008910984138581811
1528,-0.001962542533874498,-0.0025972248977903837
1529,-0.002405047416686998,-0.0028604497150517385
1530,-0.0014056563377379955,0.0010731151982585681
1531,-0.004448115825653104,-0.002707028862744548
1532,-0.0033060312271118025,-0.0004299610577368862
1533,-0.002055048942565904,-0.0035472926274105953
1534,0.0022491216659546037,-0.002003503784717497
1535,-0.003539323806762709,-0.0012339093412744083
1536,-0.004334628582000802,0.000993722466040244
1537,0.000814020633697593,0.003896290859431389
1538,-0.003524005413055392,0.0004217673485787483
1539,-0.0011084079742431086,4.5825737843857047e-05
1540,-0.0005749464035033902,4.5313953949965236e-05
1541,1.0073184967110405e-05,-0.0027728720395282474
1542,0.00015860795974730058,0.0010808966871602632
1543,-0.0010167956352234025,-0.0019945916986985742
1544,-0.0033496618270874023,-0.0005142719314316971
1545,0.0002751350402832031,-0.00044862242046802116
1546,-0.0003583431243896068,0.001954121768862751
1547,-0.001431882381439195,-0.0002974354131314043
1548,-0.0011238455772399902,0.0002804805259925292
1549,0.00035852193832400236,0.0008536141546365159
1550,-0.0008546113967894953,-0.00019388439055329252
1551,-0.0011821985244751115,3.547836600445968e-05
1552,0.0012733936309813898,0.0027559071038176113
1553,-0.0019684433937072893,0.0010093507938306232
1554,-0.0031125545501708984,-0.002499735042999543
1555,-0.0008521080017089983,0.0018259016207165927
1556,-0.002479791641235296,-0.0029961467992114066
1557,-0.0004879832267760953,0.00013004202836934005
1558,-0.001889646053314195,-0.0026583773032201304
1559,-0.002700090408325098,0.0024476448971277502
1560,-0.004121840000152588,0.0004919287034722875
1561,-0.0011136531829833984,-0.0009263445931828472
1562,-0.004068791866302407,-0.000763535634998053
1563,-0.0006859898567199985,-0.0007497370838935924
1564,2.1815299987806847e-05,0.001661922494080762
1565,-0.002832412719726604,0.0024723615664790973
1566,-0.0014517903327942033,-0.0006504215730743672
1567,-0.0023092627525328896,0.0019401205870708503
1568,0.0009679198265075961,-0.00019608078913784758
1569,-0.0021631717681883933,0.0036893031009263694
1570,-0.0008077025413513045,0.0010886157612381934
1571,-0.002135396003723089,0.0006187822945925525
1572,-0.00015711784362799908,-0.0009073414157936331
1573,-0.002097845077514593,-0.00039846131630202615
1574,-0.0012257099151610912,0.001771391060358249
1575,-0.0020552277565002025,0.00027981464596924443
1576,-0.00037306547164910053,0.0007449613341853286
1577,-0.00028091669082640214,0.0024815706268315296
1578,-0.002162277698516804,-0.004614332249008925
1579,-0.0006494522094727118,-0.004620376971536105
1580,-0.0019099712371826033,0.0020481262211030074
1581,-0.0018967390060424943,-0.0013464742881540222
1582,-0.00011187791824339433,-0.0004857621624151057
1583,-0.001812875270843492,0.0017452404864514179
1584,-0.002584874629974296,0.002444003177168621
1585,-0.0009857416152953963,-0.0006342369312185447
1586,-0.0010373592376708984,0.00011267811988352052
1587,-0.002825260162353488,-0.0004516356007411421
1588,-0.0025220513343812007,-0.0015779358523961414
1589,-0.0014696121215820035,0.001055602209951664
1590,-0.000833034515380901,-0.002237431125399971
1591,-0.0012773871421813965,-0.0013719234308451466
1592,0.00041824579238890214,0.004355067199827696
1593,-0.0012262463569641946,-0.001461638987982572
1594,-0.0009735226631163996,-0.001498606835741725
1595,-0.0011573433876037043,-0.0007187937780248092
1596,0.00025761127471930767,-0.0006723036083987028
1597,-0.002475678920745905,0.00107038971551547
1598,-0.0024601817131043036,-0.0007227883547561282
1599,-0.0025722384452819963,0.0029239325531779685
1600,-0.0012751817703246932,0.000225028462297762
1601,0.0018730163574219028,-0.0015864329467266429
1602,-7.551908493039217e-05,0.00021687739707354283
1603,-0.00043684244155879626,-0.004425845252908066
1604,-0.0032008290290833075,-0.0005747478144575788
1605,-0.002614259719848702,-0.0002574666834164568
1606,0.00039446353912359067,0.0019655524626403928
1607,-0.0007302761077880998,-0.0002169111091922443
1608,-0.0016668438911437988,-0.002905163654879504
1609,-0.004638254642486503,-0.00046114390993319857
1610,-0.005175709724426297,-0.0008854020191118364
1611,-0.001225173473358196,0.002932484589398781
1612,-0.0016478300094604909,0.0005140408423382212
1613,-0.00281596183776861,-0.0012577450617592286
1614,-0.002836942672729506,0.002348662789738743
1615,-0.0009241104125976007,-0.0004979612553623683
1616,-0.0028718113899230957,-0.0011855878430868628
1617,-0.005675852298736503,0.0002717658048671459
1618,6.341934204100175e-05,-0.001956435463171771
1619,-0.0026435852050781944,0.0023007157655066885
1620,-0.002095341682434096,-0.0016774867530172874
1621,-0.0016077756881714006,0.0001446133194258541
1622,-0.0008428692817687988,0.002771564841877646
1623,0.0004011392593383928,-0.0004747882458497254
1624,-0.0020992159843444963,0.001780714022375443
1625,-0.0049551725387574075,-0.0014147185041903738
1626,-0.0006092786788940985,0.003314577218161897
1627,-0.0024041533470152976,-0.0013412185779453243
1628,-0.002164721488952706,0.0033446059327587557
1629,-0.0038400292396544994,0.0011641284753505204
1630,-0.0023320317268372,-0.0022766596931968397
1631,-0.0057995915412902,-0.0019281604177556638
1632,-0.0013994574546813965,-0.003876008932597396
1633,-0.005775213241577204,-0.00013303728867085325
1634,-0.0005926489830016951,0.001785986949679191
1635,-0.0011621713638305942,0.0002373909011228462
1636,-0.0011051297187806008,-0.0006906606243204569
1637,-2.664327621459961e-05,0.0003811585606020568
1638,-0.00010794401168819079,0.0009148478847588929
1639,-0.002088367938995403,-0.002546582846305678
1640,-0.0016300082206725935,0.000777565050254066
1641,-0.00037944316864010896,-0.0020022596953651016
1642,-0.0012454986572266041,-0.0027588141861165116
1643,-0.000986039638519301,-0.0027140379117539257
1644,-0.0011240243911743025,0.0014460046789048786
1645,-0.0026683807373045904,-0.002458244422920099
1646,-0.0013282895088194968,0.0022554026891282845
1647,-0.00026029348373418637,-0.0013322294076560193
1648,-0.0011072158813476007,-0.0021976640934355473
1649,-0.0020419359207153043,-0.004035446265511665
1650,-0.0018988251686095914,0.002204345318058573
1651,-0.0025051832199097096,-0.00034586543897350164
1652,-0.0012663602828980047,0.0008356644050434665
1653,-0.005578637123107896,-0.0018535355799032297
1654,-0.0021991133689879955,0.002795832342466633
1655,-0.0010620951652526994,0.0015075204284291392
1656,-0.001530408859252902,0.0037478582422526266
1657,-0.003074467182159396,0.0016664796860502218
1658,-0.0036354660987854004,0.0019973076743682707
1659,0.0006196498870850026,-0.0028603202921616217
1660,-0.0008092522621154924,-0.00040125463927909307
1661,-0.0004422068595885953,-0.0003989795045867997
1662,-0.0020883083343505027,0.002269978437287122
1663,-0.0018243193626403947,0.0017096780317292395
1664,-0.0004419088363646906,-0.0032585124512677288
1665,-0.0016043782234192033,0.0010020684098270274
1666,-0.0013477802276610912,0.0037374151934892975
1667,-0.0021372437477111955,-0.0020647435192715008
1668,0.0018327236175537942,0.00025653522516403456
1669,-0.0014712214469908974,0.004285920073601861
1670,-0.002437233924865792,0.0025657370460316514
1671,0.0003408193588256003,0.001089418001372697
1672,-0.0020019412040711004,-0.0007367683979745101
1673,-0.0043038129806518,0.0010910159901463125
1674,-0.002858340740203788,-0.0006792081510230417
1675,-0.0035097599029541016,0.0005265257843014307
1676,-0.004226386547088595,0.0015438192589464844
1677,-0.0022035837173462053,0.001618377093667938
1678,0.0006606578826904991,-0.0009833500205019999
1679,-0.003580451011657701,-0.0013259022193602334
1680,-0.0019418597221375067,-0.004091587690441502
1681,-0.0030301809310912947,0.0020266932643516773
1682,-0.002376139163970989,-0.00047801270056252747
1683,-0.0011087059974670965,0.0014002273163261532
1684,-0.00021177530288699065,-0.000659162263873054
1685,-0.0013368129730224887,-0.0001978300719162804
1686,0.0005293488502502997,-0.0015210039177051078
1687,-0.0004879832267760953,0.0006509625250386514
1688,-0.002467036247253404,3.635564979956942e-05
1689,-0.0012637376785279014,0.00021661597188763688
1690,-0.003979921340942397,0.0014342072674184804
1691,0.00031298398971560393,0.0005832252907613788
1692,0.0012598037719726979,0.0007398812523137379
1693,0.0004264116287231029,-0.0013842434035028952
1694,-0.0024588704109190923,0.0005268694980168629
1695,-0.0010524988174438893,0.002558368769665501
1696,0.0016326904296875,0.002380663830432515
1697,-0.004227459430694497,0.0006053068692746101
1698,-0.006095290184020996,-0.0009935412845406663
1699,-0.0013206005096434992,-0.0011449595111211362
1700,0.0007593035697937012,0.000637968828555641
1701,-0.0007694959640503068,0.0012597534347555202
1702,0.00024104118347169357,-0.0026637440315409842
1703,-0.003517389297485296,-0.001955013243833672
1704,-0.0001819729804991982,0.0009379542797637055
1705,-0.0027047395706176897,-0.0003323881849234834
1706,0.0005614757537841936,0.002256240644607302
1707,-0.005355775356292711,-0.0012887041587615583
1708,-0.0012971758842467984,-0.0026311445142969472
1709,-0.002729296684265109,-0.002853660170387835
1710,0.0012344121932982982,-0.0012074543280262073
1711,-0.0032695531845092912,0.00013222863882791943
1712,-0.0010650753974914967,-0.002306510976185879
1713,-0.0012089610099791925,0.0005529708011401212
1714,1.168251037599044e-05,-0.0030810413853976197
1715,-0.0001861453056335033,-0.000810553661556349
1716,-0.0015683770179748951,0.0020397139702243777
1717,-0.0014085173606872003,-0.0005727679292452662
1718,-0.0028865337371826033,-0.001863294424331349
1719,-0.0010806322097779014,0.0009847046558106316
1720,-0.0006349086761475026,-0.0035268832170256706
1721,-0.0015383958816527904,0.0018768894874851374
1722,0.0010743141174316961,0.00037098222741146125
1723,-0.0027955174446105957,0.0013683767129402259
1724,-0.0013017654418944896,-6.625097878935241e-05
1725,-0.0024998784065247,0.0003400440231112955
1726,-0.0019020438194274902,0.00046801214603765134
1727,-0.0021510124206543108,0.0028220633732574225
1728,-0.0005646944046019953,-0.0010093900024575764
1729,-0.0024401545524598,-0.0009375144121598179
1730,0.00032013654708860917,-0.00042784433440691766
1731,-0.0008860826492309987,-0.0021147261806919696
1732,-0.0016802549362181923,0.00012457427141746675
1733,1.0251998901408821e-05,-0.0012922677968592994
1734,-0.0011820197105406882,-0.0013507479940649987
1735,-0.005220055580139105,-0.002650514466970652
1736,-0.0017912387847900946,-0.00023424892678393676
1737,-8.124113082889906e-05,0.0012548625894029037
1738,-0.0024169087409973006,0.00021058272851266988
1739,-0.0014414787292480885,0.0031885483720039513
1740,-0.003943443298339802,0.0010349445882899338
1741,-0.0007452368736267923,-0.0002256893502094675
1742,0.00042855739593510023,-0.00038989356269702633
1743,-0.005369007587432806,0.00031502293901672395
1744,0.0005382895469665944,-0.0008215042425404563
1745,-0.0009739995002746998,0.0002457068187008451
1746,0.0014476180076598982,-0.003979630901594237
1747,-0.0024825334548950057,-0.0034012510879609893
1748,-0.0025220513343812007,0.0063811714874377
1749,0.00030297040939331055,0.0031391341259883448
1750,-0.003475189208984389,-5.148609269774168e-05
1751,-0.0012795329093932967,-0.00202230378640555
1752,-0.0024296641349793036,0.001506740509134033
1753,0.0007478594779968956,0.0002793705420789294
1754,-0.0027154684066771906,0.0005224607215870688
1755,-0.0005926489830016951,-0.00036592090500242645
1756,-0.0008501410484312993,0.0011784993667797428
1757,-0.0023936033248901922,-0.0019613422332194837
1758,0.00027012825012209807,0.0021539762213329
1759,-8.124113082889906e-05,-0.001271337746188651
1760,0.001498639583587702,0.0024788417127400895
1761,-0.002492070198059096,0.000736182183475774
1762,-0.0010995268821715892,0.0003002548556305661
1763,0.0004288554191589078,0.0021628211631992862
1764,-0.0014022588729857982,0.0015462903429238337
1765,-0.0013017654418944896,-0.0010819844753093804
1766,-0.004594922065734891,-0.0012543961130401337
1767,0.0008713006973267018,-0.001850268565647877
1768,-0.002226531505584703,-0.0018851348394134553
1769,0.0010721087455749928,0.0004708243364292718
1770,-0.0014233589172363975,0.0003603592265933655
1771,-0.0009001493453979076,0.002595805505244745
1772,-0.0020061731338500977,0.0008659874207498947
1773,-4.95314598082941e-05,0.0020162653046321083
1774,-0.001916825771331801,0.0007881873379116675
1775,-0.0017912387847900946,0.0016585388691594456
1776,-0.001452028751373291,0.001991383265894646
1777,-0.0028103590011595986,-0.0003138567405871007
1778,-0.001044571399688693,-0.0016567634078901257
1779,-0.0009531974792480885,-0.0002258000128272943
1780,-0.002668976783752511,-0.0004195675909169509
1781,0.001895368099212702,-0.0005218330022925827
1782,-0.00039148330688480726,0.00014122119184825616
1783,-0.0014143586158751886,-0.0008000689666137044
1784,-0.0010457634925842008,0.0012785013282873424
1785,-0.0014607906341553012,-0.001569979357821588
1786,-0.0028718113899230124,0.000526330987213569
1787,-0.0012935996055603027,-0.000711170791285155
1788,-0.0004876852035521906,-0.0013531268574312636
1789,-0.0020146965980529924,-0.0015513864723911512
1790,-0.0009735822677612027,0.0003277474069204836
1791,-0.0012296438217163086,-0.0014221621538627763
1792,-0.00360715389251709,-0.0012583795269120958
1793,-0.0002598762512207031,0.005302990439345553
1794,-0.001722216606140095,0.00018631496113800816
1795,0.0008209943771361888,-0.0001753196632513409
1796,-0.0007598400115967074,0.0011528500776435838
1797,-0.0018295645713806985,0.0003938664823203164
1798,-0.00024420022964480315,-0.003224436001694621
1799,-0.0007122159004211981,-0.001768367721229734
1800,-0.0018514990806580006,-0.001842259560921748
1801,-0.0012263059616089006,0.0016942119776919263
1802,-0.00037276744842529297,0.0019117849759999433
1803,0.0015212297439574918,0.0023541480985465844
1804,-0.0015622973442078053,-0.002368845776744365
1805,-0.0003346800804137906,0.003151707563594353
1806,-0.00014901161193849044,-0.0002743781854561442
1807,-0.001451194286346394,-0.00176877705817161
1808,-0.0019468665122985979,-0.0029024170410753185
1809,7.688999176030942e-05,0.000445068898113441
1810,-0.0025077462196350098,0.0006148725799430452
1811,-0.002533257007598891,0.0008621896921917757
1812,-0.0017703771591187079,-0.0012650259153705325
1813,-0.0005838871002196988,-0.0011321063449758369
1814,-0.0018738508224487027,-0.0028761357637334954
1815,0.000770330429077204,0.0014144165144901577
1816,0.0011466145515441895,-0.0009697931245715952
1817,-0.0020984411239624023,0.0008760457352071934
1818,-0.0016287565231322965,0.004223773027758477
1819,-0.0032695531845092912,-0.0019373112419944773
1820,0.000655353069305406,-0.005956755702559411
1821,-0.000454843044280992,0.0016141557501314105
1822,-0.00015527009963990646,0.002313084293658831
1823,-0.0017552971839904924,0.0003287691102519765
1824,-0.001120090484619099,-0.0003435753447714188
1825,-0.001673102378845201,0.0001500888377114789
1826,-0.0019850134849548062,-0.0009130187344078292
1827,-0.0021522045135498047,0.00030012366246616473
1828,-0.00461465120315549,0.0005744580117892839
1829,-0.0003557205200195035,0.0036588903510780934
1830,0.0008618831634521901,0.0017973824248952198
1831,-0.0016573071479797086,0.0006708562233477576
1832,-0.003537952899932792,0.0011308077864977564
1833,0.000651955604553292,-0.0002588306467610972
1834,-0.002213716506957994,0.0023512618457542265
1835,-0.001104831695556599,0.0010852661022432617
1836,-0.001721322536468492,-0.002859311295983515
1837,-0.001631438732147203,-0.0038949791311338887
1838,-0.0020267963409424106,0.002734871331523372
1839,-0.0015950202941893976,0.0011459479860840612
1840,-0.0015470981597899974,-0.000823287400120189
1841,-0.0037550926208495955,0.0027471745264364645
1842,-0.002911984920501695,-0.004017246947642578
1843,-0.002497375011444092,-0.0012708527840198586
1844,-0.001571595668792794,-0.0007175830245932565
1845,-0.0039010643959044994,-0.003197286279995989
1846,-0.0014716982841491977,0.0017078454038792525
1847,-0.001390218734741197,0.0029034730835306717
1848,-0.0019849538803101002,0.0005931638407304219
1849,-0.002786576747894301,0.0005918363172411219
1850,-0.0021360516548157016,0.0009143308360108708
1851,0.0010582804679871022,-0.00014955166736454605
1852,-0.0026201605796813965,-0.001320867299810324
1853,-0.0028593540191650946,0.0014611565645139663
1854,-0.0007206797599792897,0.0002694255578215818
1855,-0.0009421706199645996,-0.0026530760566195466
1856,0.004069447517394992,-0.004163916080295613
1857,-0.0019322037696839073,-0.0007729018265287792
1858,-2.1338462829589844e-05,-0.0001516950088668836
1859,-0.0009241104125976007,0.0004640541892019103
1860,-0.0005458593368529996,0.001352598378805281
1861,0.0015086531639098982,0.0005262178854583161
1862,-0.0010820031166075966,-0.00030381304567389896
1863,-0.003034830093383803,0.0012253094429015097
1864,-0.0031376481056213934,-0.00044315234003276804
1865,-0.003876864910125802,0.0015633373769851039
1866,-0.0020019412040711004,0.0014985718888679072
1867,-0.0028772354125977118,-0.0012858396550022065
1868,-0.002883970737457192,0.002723064948596515
1869,-8.773803710940276e-05,0.0015323844533816518
1870,-0.003074467182159396,-0.001185636413263766
1871,-0.0005421042442322055,0.0028320180368623733
1872,-0.0010694861412049034,-0.002206237590289641
1873,3.933906555189659e-06,0.0015044103629523588
1874,-0.00017124414443969727,0.001240509317239569
1875,0.000451982021331801,0.0012584562964628847
1876,-0.0024296641349793036,0.00038869134811415874
1877,0.0010089278221130926,-0.003035855689258569
1878,-0.0014368891716003002,0.0003456099914728001
1879,-0.0016752481460571983,0.002525554913467219
1880,-0.0014233589172363975,-0.00048363479051874523
1881,-0.0018026828765869002,-0.00267711580987711
1882,-0.00115966796875,0.0003403214818534046
1883,-0.0020984411239624023,-0.0004946832434343709
1884,-0.0006202459335326871,-0.0013788056433562221
1885,-0.0014378428459166925,-0.001986172092700258
1886,-0.0010207891464232982,0.0026074954416649113
1887,-0.00035721063613888826,0.0017909502381811668
1888,-0.003001451492309612,0.0024643658376715767
1889,-0.0010888576507569053,0.0014838221092862223
1890,0.00037854909896850586,-0.001996163821559456
1891,0.00022089481353761153,-0.0017161254425781536
1892,-0.00022590160369868884,-2.1696734645732584e-05
1893,-0.0027489066123962957,-0.0029837456929912953
1894,-0.002883970737457192,-0.0008658000390826859
1895,-0.0019103288650512001,0.0013944713334813417
1896,-0.0016688704490662037,-1.7789005457113428e-05
1897,2.2470951080308388e-05,0.004755776653010368
1898,0.0009079575538635115,-0.0012251113136394617
1899,-0.002281367778777993,0.003207712902197902
1900,-0.001399278640747001,0.0038112050323448024
1901,0.0022168755531311035,0.0014913982082669379
1902,-0.00193083286285399,-0.000859612507275404
1903,0.002881467342376695,0.0018236424943527396
1904,-0.0027114152908325057,0.0011434864393124117
1905,-0.006784141063690199,0.0008579354204889065
1906,-0.0014378428459166925,-0.00026873207740228997
1907,-0.0028065443038940985,0.0012062863481562293
1908,-0.0036817789077759067,0.002349754853174563
1909,-0.005526006221771296,0.00036445357249433985
1910,-0.001160860061645494,-0.0019417843418374633
1911,0.000812828540802002,0.0010413079878770378
1912,-0.004322230815887493,-0.0011080335671434295
1913,-0.0031105875968932967,0.00010424737638284107
1914,0.0001855492591858049,-0.0007812233518614546
1915,-0.003384947776794489,-0.0007316300672950118
1916,-0.0025286674499511996,0.002861588828770868
1917,-0.001417815685272203,0.00019947646408743385
1918,-0.0058690905570984025,-0.0033428222123040694
1919,-0.003160119056701688,-0.0010911781751218985
1920,0.00038415193557740646,0.0014284577338739269
1921,-0.0026435852050780972,-2.4545885430277556e-05
1922,-0.0033385753631592074,-0.00015820105362957676
1923,-0.00026667118072509766,0.0021402282642470553
1924,-0.00479561090469359,0.001874951782211728
1925,0.0007590055465697965,-0.001583994078560677
1926,0.001371979713439997,0.00013227664036890988
1927,-7.551908493039217e-05,-0.0007743653864478372
1928,-0.0018950700759887973,0.0022777323753859846
1929,-0.0022963881492615024,-0.0013457723317503285
1930,-0.0012863874435423972,0.0013426914699771043
1931,-0.0019351243972778043,-0.001151231429521801
1932,-0.001035571098327595,0.0012994012988159552
1933,-0.003008902072906494,1.5591520613324078e-05
1934,-0.0009592175483702919,0.00010189508626543757
1935,-0.0009008646011352123,-0.001618174445758534
1936,-0.002800703048705999,0.00021988452384590055
1937,-0.0019866824150086004,2.789432032056692e-05
1938,-0.0015502572059632042,0.0014465296334517956
1939,-0.0014047622680663924,0.0002672791647732977
1940,0.0005405545234681008,0.0012802976493392847
1941,-0.002236425876617501,-0.0005082015477748697
1942,-0.0018463730812071921,-0.0024213102560731448
1943,0.0006724596023559015,-0.0011486894498131646
1944,-0.0010019540786742887,0.0011572602104579625
1945,-0.003925681114196791,0.0022699789806486744
1946,-0.001120090484619099,-0.00047716241508476457
1947,-0.004869222640991197,0.0008759156421770848
1948,-0.0014143586158751886,0.0007815248753515407
1949,0.0004990696907043041,-0.0008745639643046051
1950,-0.002125144004821805,-0.0022139566080699403
1951,-0.005187869071960408,0.0008680132208731001
1952,-0.0007178187370299877,0.0016446006245524414
1953,-0.0018463730812071921,-0.0011979198802375833
1954,-0.0021646022796631,-0.0004182711185031551
1955,-0.005611956119537298,0.0014152924165975378
1956,0.00024449825286859683,-0.0023823435485575664
1957,-0.0023364424705506065,-0.0002375979382390276
1958,-0.0008112788200377863,-0.0011546192733362978
1959,0.00020843744277949938,-0.0017032723567365457
1960,-0.002490401268005288,0.0024869960061305154
1961,-0.0029666423797607977,-0.0011140881050304208
1962,-0.001139044761657701,0.00019860132331580435
1963,-0.0021257400512694896,0.003629369438293718
1964,-0.002707421779632596,-0.000768261864062189
1965,-0.0022510290145874023,0.0003533865763947899
1966,-0.00021553039550779862,0.0025297431887163456
1967,-0.000672161579132094,0.0015849331217419197
1968,-0.0038148164749144953,0.0012396156732499305
1969,-0.0003061890602112094,0.0009696040606035117
1970,-0.0010102987289428988,-0.002900270294210034
1971,-0.002492070198059096,-0.0001448611309918691
1972,-0.0018476843833922924,-0.0011889542214921413
1973,-0.004109680652618394,-0.0012989498113151387
1974,-0.007232844829559298,-6.774538113356603e-05
1975,-0.0022282600402831892,0.003692684340835815
1976,-0.00046312808990479903,-0.002427373275980145
1977,-0.003952503204345689,0.0009533836491276089
1978,-0.002900779247283991,-0.0007648792794517082
1979,-0.0006712079048156877,-0.00037200226083505524
1980,-0.005002140998840304,-0.002175606660407944
1981,-0.0008302330970764021,-0.0003813630023104109
1982,-0.0011895298957824985,-0.0018199752436953355
1983,-0.0016664266586303988,2.074776682561479e-05
1984,-0.0015513896942137978,-0.0024269635455084057
1985,-0.0014010071754455983,-0.0026244395836232757
1986,-0.0016287565231322965,-0.0005572028452546237
1987,-0.0025170445442199013,-0.000572142234453422
1988,-0.0005824565887451033,-0.0021932669707700908
1989,-0.0021739602088928917,-0.0014280666139346455
1990,-0.0018463730812071921,-0.000134565928554535
1991,-6.794929504297387e-06,-0.0011100997425930455
1992,0.0003893971443175992,-0.0027440676776453554
1993,-0.0016024112701416016,0.00024108071401356088
1994,-0.00012600421905520354,0.00036278597011734064
1995,0.00025516748428340563,-0.0014229690303639545
1996,-0.002260744571685791,-0.0011732885013484662
1997,-0.00046825408935539936,8.545349132537436e-05
1998,-0.0019838213920592984,0.001767638160318477
1999,0.0007190108299254955,0.0011102670759962265
2000,-0.000568687915802002,-0.0010502568038484397
