selection_rank_2018_output,country_code,country_name,main_table_group,accepted_paper_credits_2018,accepted_share_2018,ai_output_credits_2018,output_share_2018,pri_2018,output_country_returned_2018,pri_status_2018,accepted_paper_credits_2024,accepted_share_2024,ai_output_credits_2024,output_share_2024,pri_2024,output_country_returned_2024,pri_status_2024
1,US,United States,Core Anglophone,750,0.510204081632653,13567,0.156390128067688,3.26238035569502,True,defined,2201,0.333383823083914,19928,0.123665789604329,2.69584518200694,True,defined
2,CN,China,China,109,0.0741496598639456,13391,0.15436133301057,0.480364210503857,True,defined,1868,0.282944562253862,38194,0.237017822568634,1.1937691401748,True,defined
3,IN,India,India,12,0.00816326530612245,4423,0.0509850030547198,0.160111107522367,True,defined,32,0.00484701605574068,12200,0.0757086829171424,0.0640219307611702,True,defined
4,ID,Indonesia,Other countries,0,0,4282,0.0493596615600973,0,True,defined,0,0,8956,0.0555776200168793,0,True,defined
5,GB,United Kingdom,Core Anglophone,108,0.073469387755102,3967,0.0457285794976427,1.60664049839749,True,defined,305,0.0461981217812784,5869,0.0364208409869434,1.26845291128341,True,defined
6,DE,Germany,Other countries,54,0.036734693877551,3784,0.0436190937280262,0.842170039263063,True,defined,284,0.0430172674946986,5376,0.0333614655215211,1.28942979039541,True,defined
7,FR,France,Other countries,56,0.0380952380952381,3530,0.0406911735887771,0.936203966005666,True,defined,138,0.0209027567403817,3825,0.0237365337834483,0.880615380960018,True,defined
8,JP,Japan,Other countries,29,0.0197278911564626,3216,0.0370716187709652,0.53215618336887,True,defined,79,0.0119660708876098,4105,0.0254741101126942,0.469734598565894,True,defined
9,IT,Italy,Other countries,23,0.0156462585034014,2210,0.0254752106603958,0.614175824175824,True,defined,70,0.0106028476219327,3726,0.023122176438465,0.458557508638951,True,defined
10,CA,Canada,Core Anglophone,89,0.0605442176870748,2107,0.0242879044621964,2.49277239134857,True,defined,212,0.032111481369282,3374,0.020937794767413,1.5336611007029,True,defined
11,AU,Australia,Core Anglophone,19,0.0129251700680272,1865,0.0214983112586598,0.601217924166986,True,defined,88,0.0133292941532869,3037,0.0188464975425706,0.707255771168015,True,defined
12,ES,Spain,Other countries,5,0.00340136054421769,1757,0.0202533688372468,0.167940482966095,True,defined,18,0.00272644653135414,2403,0.0149121282827781,0.182834165563267,True,defined
13,BR,Brazil,Other countries,4,0.00272108843537415,1745,0.0201150419015343,0.1352762996316,True,defined,7,0.00106028476219327,1806,0.011207367323636,0.094606050785644,True,defined
14,RU,Russia,Other countries,10,0.00680272108843537,1703,0.0196308976265403,0.346531331264156,True,defined,27,0.0040896697970312,2192,0.0136027404060964,0.300650433290509,True,defined
15,KR,South Korea,Other countries,27,0.0183673469387755,1207,0.0139133842837547,1.32012072434608,True,defined,228,0.0345349893971524,2920,0.0181204388621357,1.90585833267627,True,defined
16,NL,Netherlands,Other countries,8,0.0054421768707483,1156,0.0133254948069763,0.408403361344538,True,defined,50,0.00757346258709482,1774,0.0110087871717222,0.687947043480726,True,defined
17,IR,Iran,Other countries,1,0.000680272108843537,1137,0.0131064771587647,0.0519035054655107,True,defined,4,0.000605877006967586,1216,0.00754604577272502,0.0802906615220268,True,defined
18,PL,Poland,Other countries,2,0.00136054421768707,1069,0.0123226245230603,0.110410263263397,True,defined,13,0.00196910027264465,1120,0.00695030531698357,0.283311334227723,True,defined
19,TR,Turkey,Other countries,1,0.000680272108843537,922,0.0106281195605814,0.0640068174775333,True,defined,4,0.000605877006967586,1731,0.010741945092588,0.0564029141598987,True,defined
20,CH,Switzerland,Other countries,51,0.0346938775510204,858,0.0098903759034478,3.50784215784216,True,defined,188,0.0284762193274765,1242,0.00770739214615499,3.69466335531955,True,defined
21,SG,Singapore,Other countries,17,0.0115646258503401,817,0.00941775887309656,1.22795943346739,True,defined,188,0.0284762193274765,1782,0.0110584322097006,2.57506839916211,True,defined
22,MY,Malaysia,Other countries,1,0.000680272108843537,811,0.00934859540524029,0.0727673066760613,True,defined,0,0,1508,0.00935808965893859,0,True,defined
23,TW,Taiwan,Other countries,2,0.00136054421768707,721,0.00831114338739611,0.163701208638795,True,defined,30,0.00454407755225689,1268,0.00786873851958497,0.57748488413319,True,defined
24,AT,Austria,Other countries,7,0.00476190476190476,708,0.00816128920704084,0.583474576271186,True,defined,33,0.00499848530748258,889,0.00551680484535571,0.906047150043839,True,defined
25,BE,Belgium,Other countries,4,0.00272108843537415,682,0.0078615808463303,0.346124842899036,True,defined,19,0.00287791578309603,797,0.00494588690860349,0.581880628546081,True,defined
26,CZ,Czechia,Other countries,0,0,640,0.00737743657133635,0,True,defined,5,0.000757346258709482,588,0.00364891029141637,0.207554091009321,True,defined
27,SE,Sweden,Other countries,8,0.0054421768707483,624,0.00719300065705294,0.756593406593407,True,defined,35,0.00530142381096637,1068,0.00662761257012362,0.799899474339293,True,defined
28,HK,Hong Kong,Other countries,19,0.0129251700680272,620,0.00714689167848209,1.80850230414747,True,defined,204,0.0308997273553469,2023,0.0125539889788016,2.46134733808701,True,defined
29,IL,Israel,Other countries,34,0.0231292517006803,616,0.00710078269991124,3.25728200371057,True,defined,95,0.0143895789154802,746,0.00462939979149084,3.10830335758195,True,defined
30,PT,Portugal,Other countries,0,0,596,0.00687023780705698,0,True,defined,5,0.000757346258709482,732,0.00454252097502855,0.166723778023881,True,defined
