group,index_year,n,median_distance,q25_distance,q75_distance,median_ci_low,median_ci_high,interval,small_cell
China,2018,49,0.0995935201644897,0.0758173465728759,0.1351856589317321,0.0861901044845581,0.1082540154457092,entrant_bootstrap,False
China,2019,64,0.09532821178436275,0.07182160019874567,0.11951826512813568,0.0830596685409545,0.1020143628120422,entrant_bootstrap,False
China,2020,104,0.0932547450065612,0.07507866621017449,0.1096372008323669,0.08611767441034314,0.0970860719680786,entrant_bootstrap,False
China,2021,155,0.0875992774963378,0.06856089830398554,0.1108946800231933,0.0818626880645752,0.0935614109039306,entrant_bootstrap,False
China,2022,306,0.09186518192291254,0.07212083041667934,0.11708271503448481,0.08682401180267332,0.09807711839675895,entrant_bootstrap,False
China,2023,403,0.0936847925186157,0.0723894834518432,0.12208461761474605,0.0910722017288208,0.0964696407318115,entrant_bootstrap,False
China,2024,811,0.0933576822280883,0.07107684016227714,0.11537504196166985,0.090791642665863,0.0954209566116333,entrant_bootstrap,False
Core Anglophone,2018,356,0.09046918153762809,0.06361876428127287,0.11783568561077112,0.0842329263687133,0.09455105662345885,entrant_bootstrap,False
Core Anglophone,2019,462,0.08993411064147945,0.06659898161888118,0.11122810840606687,0.08562708124518395,0.09290158748626706,entrant_bootstrap,False
Core Anglophone,2020,583,0.0875196456909179,0.06733310222625725,0.1140188574790954,0.0835915803909301,0.0916690826416015,entrant_bootstrap,False
Core Anglophone,2021,547,0.0845916867256164,0.0646230280399322,0.10919541120529169,0.0811339020729065,0.08749768137931821,entrant_bootstrap,False
Core Anglophone,2022,557,0.0885934233665466,0.0665171146392822,0.1113467216491699,0.0853796005249023,0.0912839770317077,entrant_bootstrap,False
Core Anglophone,2023,718,0.08678966760635375,0.06762968003749845,0.11226189136505126,0.08499139621853825,0.09026330709457395,entrant_bootstrap,False
Core Anglophone,2024,860,0.08801716566085815,0.06779253482818601,0.1124729812145233,0.08475213199853888,0.0907678604125976,entrant_bootstrap,False
India,2018,7,0.1494886875152588,0.05728572607040405,0.1825729608535766,0.0479668378829956,0.1959762573242187,entrant_bootstrap,True
India,2019,7,0.0964399576187133,0.06419700384140015,0.1171762943267822,0.0626446008682251,0.1327393054962158,entrant_bootstrap,True
India,2020,6,0.07390743494033811,0.0664596855640411,0.08256682753562924,0.0322984457015991,0.096548855304718,entrant_bootstrap,True
India,2021,21,0.0780649185180664,0.0502060055732727,0.0982413291931152,0.0564395189285278,0.0963956713676452,entrant_bootstrap,False
India,2022,14,0.10430765151977535,0.09397752583026883,0.12033171951770776,0.093696117401123,0.12039044350385662,entrant_bootstrap,False
India,2023,14,0.08561044931411735,0.07344429194927207,0.10836210846900932,0.0730714797973632,0.111958622932434,entrant_bootstrap,False
India,2024,14,0.07975834608078,0.05631415545940392,0.12186862528324122,0.059629529714584295,0.1248010694980621,entrant_bootstrap,False
Other non-core,2018,162,0.0887524485588073,0.06470213830471037,0.10890468955039972,0.0777488052845001,0.0927420854568481,entrant_bootstrap,False
Other non-core,2019,219,0.0834931135177612,0.060104608535766546,0.1119962334632873,0.0779856443405151,0.0898714065551757,entrant_bootstrap,False
Other non-core,2020,258,0.08507382869720456,0.06329490244388578,0.1104760915040969,0.080474853515625,0.08866286277770995,entrant_bootstrap,False
Other non-core,2021,378,0.08437415957450865,0.059816956520080476,0.11039866507053372,0.07978951260447496,0.08884701803326604,entrant_bootstrap,False
Other non-core,2022,390,0.08440572023391721,0.06145370006561275,0.11354175209999076,0.07906985282897945,0.08681035041809074,entrant_bootstrap,False
Other non-core,2023,534,0.08773833513259885,0.06311978399753562,0.11533588171005246,0.08253459334373471,0.09202652499079698,entrant_bootstrap,False
Other non-core,2024,659,0.0863111615180969,0.06415522098541254,0.1096333563327789,0.0822526216506958,0.09015953540802,entrant_bootstrap,False
