specification,contrast_family,distance_level,experienced_level,pathway,probability_difference,ci_low,ci_high,interval
postreview_within_two_top4,experienced_minus_no_experienced,Q25,difference,no_recurrence,-0.16344292694759177,-0.21200630717039673,-0.11525701765445417,paired_entrant_bootstrap
postreview_within_two_top4,experienced_minus_no_experienced,Q25,difference,coauthor_continuity_only,0.12358147202570752,0.0790004657848807,0.1651305087982122,paired_entrant_bootstrap
postreview_within_two_top4,experienced_minus_no_experienced,Q25,difference,at_least_one_no_index_coauthor,0.039861454921891026,0.002946616889056814,0.07423016701823228,paired_entrant_bootstrap
postreview_within_two_top4,experienced_minus_no_experienced,Q75,difference,no_recurrence,-0.17156473776325354,-0.21590605806896532,-0.12459754158274397,paired_entrant_bootstrap
postreview_within_two_top4,experienced_minus_no_experienced,Q75,difference,coauthor_continuity_only,0.1202554161232981,0.0819930298867415,0.1606382757918924,paired_entrant_bootstrap
postreview_within_two_top4,experienced_minus_no_experienced,Q75,difference,at_least_one_no_index_coauthor,0.051309321639955774,0.013878891527028656,0.08414706621033352,paired_entrant_bootstrap
postreview_within_two_top4,Q75_minus_Q25,difference,False,no_recurrence,0.009206954927350575,-0.03270564842741238,0.05005869175787242,paired_entrant_bootstrap
postreview_within_two_top4,Q75_minus_Q25,difference,False,coauthor_continuity_only,0.011072156401243816,-0.0259429318457851,0.04715383859844412,paired_entrant_bootstrap
postreview_within_two_top4,Q75_minus_Q25,difference,False,at_least_one_no_index_coauthor,-0.02027911132858498,-0.055172074926498726,0.013244728368424016,paired_entrant_bootstrap
postreview_within_two_top4,Q75_minus_Q25,difference,True,no_recurrence,0.0010851441116888072,-0.01748439098898076,0.02011943814879574,paired_entrant_bootstrap
postreview_within_two_top4,Q75_minus_Q25,difference,True,coauthor_continuity_only,0.007746100498834396,-0.010404800649957432,0.025606931598418283,paired_entrant_bootstrap
postreview_within_two_top4,Q75_minus_Q25,difference,True,at_least_one_no_index_coauthor,-0.008831244610520234,-0.025621772881207965,0.00629020239000948,paired_entrant_bootstrap
postreview_within_two_top4,difference_in_differences,Q75_minus_Q25,experienced_minus_no_experienced,no_recurrence,-0.008121810815661767,-0.05202648909941076,0.038951937976764904,paired_entrant_bootstrap
postreview_within_two_top4,difference_in_differences,Q75_minus_Q25,experienced_minus_no_experienced,coauthor_continuity_only,-0.0033260559024094194,-0.042358037109666256,0.03779598092375053,paired_entrant_bootstrap
postreview_within_two_top4,difference_in_differences,Q75_minus_Q25,experienced_minus_no_experienced,at_least_one_no_index_coauthor,0.011447866718064748,-0.025937795847722683,0.049718617138376976,paired_entrant_bootstrap
