numerator_counting,group,delta,observed_change,observed_share_2018,observed_share_2024,change_low,change_high,sign_identified,width,critical_delta,critical_delta_relative_to_share,binding_q_2018,binding_q_2024,binding_corner_opposite_signs,codirectional_c_star,codirectional_c_admissible_low,codirectional_c_admissible_high,codirectional_reversal_reachable,codirectional_change_at_low,codirectional_change_at_high
fractional,China,0.0,0.5811513496113606,0.1832539525038036,0.2913464865706889,0.5811513496113605,0.5811513496113605,True,0.0,,,0.1832539525038036,0.2913464865706889,False,-0.3710743519230319,-0.1832539525038036,0.708653513429311,False,0.5326619083679809,0.45672539810237267
fractional,China,0.02,0.5811513496113606,0.1832539525038036,0.2913464865706889,0.5500777406814923,0.6115472663933508,True,0.061469525711858486,,,0.16325395250380362,0.3113464865706889,True,-0.3710743519230319,-0.1832539525038036,0.708653513429311,False,0.5326619083679809,0.45672539810237267
fractional,China,0.05,0.5811513496113606,0.1832539525038036,0.2913464865706889,0.5018184398366292,0.6561950435713468,True,0.15437660373471762,,,0.13325395250380362,0.3413464865706889,True,-0.3710743519230319,-0.1832539525038036,0.708653513429311,False,0.5326619083679809,0.45672539810237267
fractional,China,0.1,0.5811513496113606,0.1832539525038036,0.2913464865706889,0.41520648446886255,0.7291428304292586,True,0.3139363459603961,,,0.0832539525038036,0.39134648657068893,True,-0.3710743519230319,-0.1832539525038036,0.708653513429311,False,0.5326619083679809,0.45672539810237267
fractional,China,0.15,0.5811513496113606,0.1832539525038036,0.2913464865706889,0.31693805669624187,0.8017249488293561,True,0.4847868921331142,,,0.03325395250380361,0.44134648657068887,True,-0.3710743519230319,-0.1832539525038036,0.708653513429311,False,0.5326619083679809,0.45672539810237267
fractional,China,0.2,0.5811513496113606,0.1832539525038036,0.2913464865706889,0.23210816604197615,0.8754122217484006,True,0.6433040557064245,,,0.0,0.4913464865706889,True,-0.3710743519230319,-0.1832539525038036,0.708653513429311,False,0.5326619083679809,0.45672539810237267
fractional,China,0.3,0.5811513496113606,0.1832539525038036,0.2913464865706889,0.1780519088857112,1.019973120224231,True,0.8419212113385198,,,0.0,0.5913464865706889,True,-0.3710743519230319,-0.1832539525038036,0.708653513429311,False,0.5326619083679809,0.45672539810237267
fractional,China,0.5,0.5811513496113606,0.1832539525038036,0.2913464865706889,0.08841607046721867,1.0689313196348071,True,0.9805152491675885,,,0.0,0.791346486570689,True,-0.3710743519230319,-0.1832539525038036,0.708653513429311,False,0.5326619083679809,0.45672539810237267
fractional,China,1.0,0.5811513496113606,0.1832539525038036,0.2913464865706889,0.01435916981125307,1.1164625424317705,True,1.1021033726205174,,,0.0,1.0,True,-0.3710743519230319,-0.1832539525038036,0.708653513429311,False,0.5326619083679809,0.45672539810237267
fractional,Core Anglophone,0.0,-0.4333401461961319,0.2275419251208098,0.173427360905823,-0.4333401461961315,-0.4333401461961315,True,0.0,0.056027523740236194,0.27946042598641724,0.2275419251208098,0.173427360905823,False,-8.9907904008544,-0.173427360905823,0.7724580748791902,False,-0.7574189502934541,-0.10519291401490927
fractional,Core Anglophone,0.02,-0.4333401461961319,0.2275419251208098,0.173427360905823,-0.5910597075278727,-0.27768939020512473,True,0.313370317322748,0.056027523740236194,0.27946042598641724,0.2475419251208098,0.153427360905823,True,-8.9907904008544,-0.173427360905823,0.7724580748791902,False,-0.7574189502934541,-0.10519291401490927
fractional,Core Anglophone,0.05,-0.4333401461961319,0.2275419251208098,0.173427360905823,-0.833343262535641,-0.04636218258121749,True,0.7869810799544235,0.056027523740236194,0.27946042598641724,0.27754192512080983,0.123427360905823,True,-8.9907904008544,-0.173427360905823,0.7724580748791902,False,-0.7574189502934541,-0.10519291401490927
fractional,Core Anglophone,0.1,-0.4333401461961319,0.2275419251208098,0.173427360905823,-1.2600417027516855,0.3398622655763046,False,1.59990396832799,0.056027523740236194,0.27946042598641724,0.3275419251208098,0.073427360905823,True,-8.9907904008544,-0.173427360905823,0.7724580748791902,False,-0.7574189502934541,-0.10519291401490927
fractional,Core Anglophone,0.15,-0.4333401461961319,0.2275419251208098,0.173427360905823,-1.7301675071381366,0.7375396393292766,False,2.467707146467413,0.056027523740236194,0.27946042598641724,0.3775419251208098,0.023427360905823008,True,-8.9907904008544,-0.173427360905823,0.7724580748791902,False,-0.7574189502934541,-0.10519291401490927
fractional,Core Anglophone,0.2,-0.4333401461961319,0.2275419251208098,0.173427360905823,-2.265965389091599,1.0036707844003852,False,3.269636173491984,0.056027523740236194,0.27946042598641724,0.4275419251208098,0.0,True,-8.9907904008544,-0.173427360905823,0.7724580748791902,False,-0.7574189502934541,-0.10519291401490927
fractional,Core Anglophone,0.3,-0.4333401461961319,0.2275419251208098,0.173427360905823,-2.7313885610136843,1.2387332814006096,False,3.9701218424142937,0.056027523740236194,0.27946042598641724,0.5275419251208098,0.0,True,-8.9907904008544,-0.173427360905823,0.7724580748791902,False,-0.7574189502934541,-0.10519291401490927
fractional,Core Anglophone,0.5,-0.4333401461961319,0.2275419251208098,0.173427360905823,-3.014518780573405,1.5855628805406596,False,4.600081661114064,0.056027523740236194,0.27946042598641724,0.7275419251208098,0.0,True,-8.9907904008544,-0.173427360905823,0.7724580748791902,False,-0.7574189502934541,-0.10519291401490927
fractional,Core Anglophone,1.0,-0.4333401461961319,0.2275419251208098,0.173427360905823,-3.32215356388949,1.9004382106030961,False,5.222591774492586,0.056027523740236194,0.27946042598641724,1.0,0.0,True,-8.9907904008544,-0.173427360905823,0.7724580748791902,False,-0.7574189502934541,-0.10519291401490927
fractional,Other countries,0.0,0.1430649727866646,0.5307561702481329,0.4483778043876099,0.14306497278666452,0.14306497278666452,True,0.0,0.2134835110172511,0.43606598595799145,0.5307561702481329,0.4483778043876099,False,-0.8553635733879494,-0.4483778043876099,0.46924382975186707,False,0.12636790697017242,0.13582098542627147
fractional,Other countries,0.02,0.1430649727866646,0.5307561702481329,0.4483778043876099,0.13006555036084483,0.15602687465042453,True,0.0259613242895797,0.2134835110172511,0.43606598595799145,0.5107561702481329,0.4683778043876099,True,-0.8553635733879494,-0.4483778043876099,0.46924382975186707,False,0.12636790697017242,0.13582098542627147
fractional,Other countries,0.05,0.1430649727866646,0.5307561702481329,0.4483778043876099,0.11047156314447981,0.17542334950895,True,0.06495178636447019,0.2134835110172511,0.43606598595799145,0.48075617024813294,0.49837780438760987,True,-0.8553635733879494,-0.4483778043876099,0.46924382975186707,False,0.12636790697017242,0.13582098542627147
fractional,Other countries,0.1,0.1430649727866646,0.5307561702481329,0.4483778043876099,0.07746556084864642,0.2077166462686924,True,0.130251085420046,0.2134835110172511,0.43606598595799145,0.43075617024813295,0.5483778043876099,True,-0.8553635733879494,-0.4483778043876099,0.46924382975186707,False,0.12636790697017242,0.13582098542627147
fractional,Other countries,0.15,0.1430649727866646,0.5307561702481329,0.4483778043876099,0.04385832095650333,0.24011034141895204,True,0.19625202046244872,0.2134835110172511,0.43606598595799145,0.3807561702481329,0.5983778043876099,True,-0.8553635733879494,-0.4483778043876099,0.46924382975186707,False,0.12636790697017242,0.13582098542627147
fractional,Other countries,0.2,0.1430649727866646,0.5307561702481329,0.4483778043876099,0.009446136082286616,0.27276835181400927,True,0.26332221573172265,0.2134835110172511,0.43606598595799145,0.3307561702481329,0.6483778043876098,True,-0.8553635733879494,-0.4483778043876099,0.46924382975186707,False,0.12636790697017242,0.13582098542627147
fractional,Other countries,0.3,0.1430649727866646,0.5307561702481329,0.4483778043876099,-0.06271213873025305,0.3395420035083664,False,0.40225414223861944,0.2134835110172511,0.43606598595799145,0.23075617024813294,0.7483778043876099,True,-0.8553635733879494,-0.4483778043876099,0.46924382975186707,False,0.12636790697017242,0.13582098542627147
fractional,Other countries,0.5,0.1430649727866646,0.5307561702481329,0.4483778043876099,-0.22865184408087313,0.44876046138618403,False,0.6774123054670571,0.2134835110172511,0.43606598595799145,0.03075617024813293,0.9483778043876099,True,-0.8553635733879494,-0.4483778043876099,0.46924382975186707,False,0.12636790697017242,0.13582098542627147
fractional,Other countries,1.0,0.1430649727866646,0.5307561702481329,0.4483778043876099,-0.2620975047659665,0.44876046138618403,False,0.7108579661521506,0.2134835110172511,0.43606598595799145,0.0,1.0,True,-0.8553635733879494,-0.4483778043876099,0.46924382975186707,False,0.12636790697017242,0.13582098542627147
fractional,India,0.0,-0.0867886759186831,0.0584479521272535,0.0868483481358782,-0.0867886759186831,-0.0867886759186831,True,0.0,0.1574607073797527,2.167442764813574,0.0584479521272535,0.0868483481358782,False,-2.0655099315471084,-0.0584479521272535,0.9131516518641218,False,-0.154561398115038,-0.005579155675732823
fractional,India,0.02,-0.0867886759186831,0.0584479521272535,0.0868483481358782,-0.10932470236766058,-0.06817635119131354,True,0.041148351176347034,0.1574607073797527,2.167442764813574,0.0784479521272535,0.0668483481358782,True,-2.0655099315471084,-0.0584479521272535,0.9131516518641218,False,-0.154561398115038,-0.005579155675732823
fractional,India,0.05,-0.0867886759186831,0.0584479521272535,0.0868483481358782,-0.1554149582083336,-0.044896911484634844,True,0.11051804672369875,0.1574607073797527,2.167442764813574,0.1084479521272535,0.0368483481358782,True,-2.0655099315471084,-0.0584479521272535,0.9131516518641218,False,-0.154561398115038,-0.005579155675732823
fractional,India,0.1,-0.0867886759186831,0.0584479521272535,0.0868483481358782,-0.17684834101601535,-0.015869079346706505,True,0.16097926166930884,0.1574607073797527,2.167442764813574,0.1584479521272535,0.0,True,-2.0655099315471084,-0.0584479521272535,0.9131516518641218,False,-0.154561398115038,-0.005579155675732823
fractional,India,0.15,-0.0867886759186831,0.0584479521272535,0.0868483481358782,-0.1810847261897365,-0.001733800141481584,True,0.17935092604825492,0.1574607073797527,2.167442764813574,0.20844795212725348,0.0,True,-2.0655099315471084,-0.0584479521272535,0.9131516518641218,False,-0.154561398115038,-0.005579155675732823
fractional,India,0.2,-0.0867886759186831,0.0584479521272535,0.0868483481358782,-0.1845833513803979,0.008532999791273255,False,0.19311635117167114,0.1574607073797527,2.167442764813574,0.2584479521272535,0.0,True,-2.0655099315471084,-0.0584479521272535,0.9131516518641218,False,-0.154561398115038,-0.005579155675732823
fractional,India,0.3,-0.0867886759186831,0.0584479521272535,0.0868483481358782,-0.19002386452544823,0.02244849775594951,False,0.21247236228139774,0.1574607073797527,2.167442764813574,0.3584479521272535,0.0,True,-2.0655099315471084,-0.0584479521272535,0.9131516518641218,False,-0.154561398115038,-0.005579155675732823
fractional,India,0.5,-0.0867886759186831,0.0584479521272535,0.0868483481358782,-0.19717093612868244,0.03773163449510634,False,0.23490257062378878,0.1574607073797527,2.167442764813574,0.5584479521272535,0.0,True,-2.0655099315471084,-0.0584479521272535,0.9131516518641218,False,-0.154561398115038,-0.005579155675732823
fractional,India,1.0,-0.0867886759186831,0.0584479521272535,0.0868483481358782,-0.20490319069760835,0.051917634751313585,False,0.25682082544892193,0.1574607073797527,2.167442764813574,1.0,0.0,True,-2.0655099315471084,-0.0584479521272535,0.9131516518641218,False,-0.154561398115038,-0.005579155675732823
full,China,0.0,0.5665338563331903,0.1832539525038036,0.2913464865706889,0.5665338563331903,0.5665338563331903,True,0.0,0.6929401724364311,2.920099162941012,0.1832539525038036,0.2913464865706889,False,-0.36540061947116287,-0.1832539525038036,0.708653513429311,False,0.511397247088127,0.4497749875258086
full,China,0.02,0.5665338563331903,0.1832539525038036,0.2913464865706889,0.5350731486331903,0.5972821489209275,True,0.062209000287737126,0.6929401724364311,2.920099162941012,0.16325395250380362,0.3113464865706889,True,-0.36540061947116287,-0.1832539525038036,0.708653513429311,False,0.511397247088127,0.4497749875258086
full,China,0.05,0.5665338563331903,0.1832539525038036,0.2913464865706889,0.4861590582394961,0.6424007836778556,True,0.15624172543835946,0.6929401724364311,2.920099162941012,0.13325395250380362,0.3413464865706889,True,-0.36540061947116287,-0.1832539525038036,0.708653513429311,False,0.511397247088127,0.4497749875258086
full,China,0.1,0.5665338563331903,0.1832539525038036,0.2913464865706889,0.3982135252649991,0.7160019460183649,True,0.3177884207533658,0.6929401724364311,2.920099162941012,0.0832539525038036,0.39134648657068893,True,-0.36540061947116287,-0.1832539525038036,0.708653513429311,False,0.511397247088127,0.4497749875258086
full,China,0.15,0.5665338563331903,0.1832539525038036,0.2913464865706889,0.298206305085581,0.7891010743242922,True,0.4908947692387112,0.6929401724364311,2.920099162941012,0.03325395250380361,0.44134648657068887,True,-0.36540061947116287,-0.1832539525038036,0.708653513429311,False,0.511397247088127,0.4497749875258086
full,China,0.2,0.5665338563331903,0.1832539525038036,0.2913464865706889,0.21194475351976705,0.8631923479850345,True,0.6512475944652675,0.6929401724364311,2.920099162941012,0.0,0.4913464865706889,True,-0.36540061947116287,-0.1832539525038036,0.708653513429311,False,0.511397247088127,0.4497749875258086
full,China,0.3,0.5665338563331903,0.1832539525038036,0.2913464865706889,0.1580865620590931,1.0083245436055812,True,0.8502379815464881,0.6929401724364311,2.920099162941012,0.0,0.5913464865706889,True,-0.36540061947116287,-0.1832539525038036,0.708653513429311,False,0.511397247088127,0.4497749875258086
full,China,0.5,0.5665338563331903,0.1832539525038036,0.2913464865706889,0.06877915527127965,1.058656771156965,True,0.9898776158856853,0.6929401724364311,2.920099162941012,0.0,0.791346486570689,True,-0.36540061947116287,-0.1832539525038036,0.708653513429311,False,0.511397247088127,0.4497749875258086
full,China,1.0,0.5665338563331903,0.1832539525038036,0.2913464865706889,-0.005006396010656444,1.107521973521729,False,1.1125283695323853,0.6929401724364311,2.920099162941012,0.0,1.0,True,-0.36540061947116287,-0.1832539525038036,0.708653513429311,False,0.511397247088127,0.4497749875258086
full,Core Anglophone,0.0,-0.4329161554859717,0.2275419251208098,0.173427360905823,-0.43291615548597173,-0.43291615548597173,True,0.0,0.056387504906558236,0.2812559808025441,0.2275419251208098,0.173427360905823,False,-8.354725687273506,-0.173427360905823,0.7724580748791902,False,-0.755544796885181,-0.10572300134671431
full,Core Anglophone,0.02,-0.4329161554859717,0.2275419251208098,0.173427360905823,-0.5894897412915485,-0.27840085756085164,True,0.3110888837306969,0.056387504906558236,0.2812559808025441,0.2475419251208098,0.153427360905823,True,-8.354725687273506,-0.173427360905823,0.7724580748791902,False,-0.755544796885181,-0.10572300134671431
full,Core Anglophone,0.05,-0.4329161554859717,0.2275419251208098,0.173427360905823,-0.8300215179241581,-0.04876964654023874,True,0.7812518713839194,0.056387504906558236,0.2812559808025441,0.27754192512080983,0.123427360905823,True,-8.354725687273506,-0.173427360905823,0.7724580748791902,False,-0.755544796885181,-0.10572300134671431
full,Core Anglophone,0.1,-0.4329161554859717,0.2275419251208098,0.173427360905823,-1.2536582746896276,0.3346003389581189,False,1.5882586136477466,0.056387504906558236,0.2812559808025441,0.3275419251208098,0.073427360905823,True,-8.354725687273506,-0.173427360905823,0.7724580748791902,False,-0.755544796885181,-0.10572300134671431
full,Core Anglophone,0.15,-0.4329161554859717,0.2275419251208098,0.173427360905823,-1.720440777443708,0.7293096067331577,False,2.4497503841768657,0.056387504906558236,0.2812559808025441,0.3775419251208098,0.023427360905823008,True,-8.354725687273506,-0.173427360905823,0.7724580748791902,False,-0.755544796885181,-0.10572300134671431
full,Core Anglophone,0.2,-0.4329161554859717,0.2275419251208098,0.173427360905823,-2.2524589770056105,0.993489031252039,False,3.2459480082576495,0.056387504906558236,0.2812559808025441,0.4275419251208098,0.0,True,-8.354725687273506,-0.173427360905823,0.7724580748791902,False,-0.755544796885181,-0.10572300134671431
full,Core Anglophone,0.3,-0.4329161554859717,0.2275419251208098,0.173427360905823,-2.714504480916359,1.2269423589731676,False,3.941446839889527,0.056387504906558236,0.2812559808025441,0.5275419251208098,0.0,True,-8.354725687273506,-0.173427360905823,0.7724580748791902,False,-0.755544796885181,-0.10572300134671431
full,Core Anglophone,0.5,-0.4329161554859717,0.2275419251208098,0.173427360905823,-2.9954055682384633,1.5713976638589677,False,4.566803232097431,0.056387504906558236,0.2812559808025441,0.7275419251208098,0.0,True,-8.354725687273506,-0.173427360905823,0.7724580748791902,False,-0.755544796885181,-0.10572300134671431
full,Core Anglophone,1.0,-0.4329161554859717,0.2275419251208098,0.173427360905823,-3.300618290730492,1.8841174492711612,False,5.184735740001654,0.056387504906558236,0.2812559808025441,1.0,0.0,True,-8.354725687273506,-0.173427360905823,0.7724580748791902,False,-0.755544796885181,-0.10572300134671431
full,Other countries,0.0,0.1479178001214723,0.5307561702481329,0.4483778043876099,0.14791780012147215,0.14791780012147215,True,0.0,0.21771622166602933,0.4447118112657138,0.5307561702481329,0.4483778043876099,False,-0.8637908103088026,-0.4483778043876099,0.46924382975186707,False,0.13205868029455614,0.13994275804392692
full,Other countries,0.02,0.1479178001214723,0.5307561702481329,0.4483778043876099,0.1347476799845937,0.16105072466680775,True,0.02630304468221406,0.21771622166602933,0.4447118112657138,0.5107561702481329,0.4683778043876099,True,-0.8637908103088026,-0.4483778043876099,0.46924382975186707,False,0.13205868029455614,0.13994275804392692
full,Other countries,0.05,0.1479178001214723,0.5307561702481329,0.4483778043876099,0.1148979509319965,0.1807046444319736,True,0.06580669349997709,0.21771622166602933,0.4447118112657138,0.48075617024813294,0.49837780438760987,True,-0.8637908103088026,-0.4483778043876099,0.46924382975186707,False,0.13205868029455614,0.13994275804392692
full,Other countries,0.1,0.1479178001214723,0.5307561702481329,0.4483778043876099,0.08146534300743302,0.21343058736523135,True,0.13196524435779833,0.21771622166602933,0.4447118112657138,0.43075617024813295,0.5483778043876099,True,-0.8637908103088026,-0.4483778043876099,0.46924382975186707,False,0.13205868029455614,0.13994275804392692
full,Other countries,0.15,0.1479178001214723,0.5307561702481329,0.4483778043876099,0.04742905287135235,0.24626325217412198,True,0.19883419930276963,0.21771622166602933,0.4447118112657138,0.3807561702481329,0.5983778043876099,True,-0.8637908103088026,-0.4483778043876099,0.46924382975186707,False,0.13205868029455614,0.13994275804392692
full,Other countries,0.2,0.1479178001214723,0.5307561702481329,0.4483778043876099,0.01258296473924525,0.27936873148368785,True,0.2667857667444426,0.21771622166602933,0.4447118112657138,0.3307561702481329,0.6483778043876098,True,-0.8637908103088026,-0.4483778043876099,0.46924382975186707,False,0.13205868029455614,0.13994275804392692
full,Other countries,0.3,0.1479178001214723,0.5307561702481329,0.4483778043876099,-0.06046828088371492,0.3470718961207951,False,0.40754017700451,0.21771622166602933,0.4447118112657138,0.23075617024813294,0.7483778043876099,True,-0.8637908103088026,-0.4483778043876099,0.46924382975186707,False,0.13205868029455614,0.13994275804392692
full,Other countries,0.5,0.1479178001214723,0.5307561702481329,0.4483778043876099,-0.22838715789970465,0.45783282971506006,False,0.6862199876147648,0.21771622166602933,0.4447118112657138,0.03075617024813293,0.9483778043876099,True,-0.8637908103088026,-0.4483778043876099,0.46924382975186707,False,0.13205868029455614,0.13994275804392692
full,Other countries,1.0,0.1479178001214723,0.5307561702481329,0.4483778043876099,-0.2622389827726483,0.45783282971506006,False,0.7200718124877084,0.21771622166602933,0.4447118112657138,0.0,1.0,True,-0.8637908103088026,-0.4483778043876099,0.46924382975186707,False,0.13205868029455614,0.13994275804392692
full,India,0.0,-0.0838571474342734,0.0584479521272535,0.0868483481358782,-0.08385714743427342,-0.08385714743427342,True,0.0,0.15245599201349527,2.0985529808728423,0.0584479521272535,0.0868483481358782,False,-2.343232551150252,-0.0584479521272535,0.9131516518641218,False,-0.14985610290284895,-0.005194836374779972
full,India,0.02,-0.0838571474342734,0.0584479521272535,0.0868483481358782,-0.10590049232006446,-0.06563912654028324,True,0.04026136577978122,0.15245599201349527,2.0985529808728423,0.0784479521272535,0.0668483481358782,True,-2.343232551150252,-0.0584479521272535,0.9131516518641218,False,-0.14985610290284895,-0.005194836374779972
full,India,0.05,-0.0838571474342734,0.0584479521272535,0.0868483481358782,-0.1509514372860016,-0.04282938972121572,True,0.10812204756478588,0.15245599201349527,2.0985529808728423,0.1084479521272535,0.0368483481358782,True,-2.343232551150252,-0.0584479521272535,0.9131516518641218,False,-0.14985610290284895,-0.005194836374779972
full,India,0.1,-0.0838571474342734,0.0584479521272535,0.0868483481358782,-0.17195496626664314,-0.014364658452805976,True,0.15759030781383715,0.15245599201349527,2.0985529808728423,0.1584479521272535,0.0,True,-2.343232551150252,-0.0584479521272535,0.9131516518641218,False,-0.14985610290284895,-0.005194836374779972
full,India,0.15,-0.0838571474342734,0.0584479521272535,0.0868483481358782,-0.17615560058093316,-0.0005659335143721328,True,0.17558966706656104,0.15245599201349527,2.0985529808728423,0.20844795212725348,0.0,True,-2.343232551150252,-0.0584479521272535,0.9131516518641218,False,-0.14985610290284895,-0.005194836374779972
full,India,0.2,-0.0838571474342734,0.0584479521272535,0.0868483481358782,-0.17962470086952248,0.009456418800936159,False,0.18908111967045865,0.15245599201349527,2.0985529808728423,0.2584479521272535,0.0,True,-2.343232551150252,-0.0584479521272535,0.9131516518641218,False,-0.14985610290284895,-0.005194836374779972
full,India,0.3,-0.0838571474342734,0.0584479521272535,0.0868483481358782,-0.18501930151778462,0.023040595385501066,False,0.2080598969032857,0.15245599201349527,2.0985529808728423,0.3584479521272535,0.0,True,-2.343232551150252,-0.0584479521272535,0.9131516518641218,False,-0.14985610290284895,-0.005194836374779972
full,India,0.5,-0.0838571474342734,0.0584479521272535,0.0868483481358782,-0.19210605897540795,0.037959847916582724,False,0.23006590689199066,0.15245599201349527,2.0985529808728423,0.5584479521272535,0.0,True,-2.343232551150252,-0.0584479521272535,0.9131516518641218,False,-0.14985610290284895,-0.005194836374779972
full,India,1.0,-0.0838571474342734,0.0584479521272535,0.0868483481358782,-0.19977306103899173,0.05180808626192789,False,0.2515811473009196,0.15245599201349527,2.0985529808728423,1.0,0.0,True,-2.343232551150252,-0.0584479521272535,0.9131516518641218,False,-0.14985610290284895,-0.005194836374779972
