estimand,specification,estimate,sign
RQ2_Q75_minus_Q25_experienced_probability,semantic_primary,0.005318173792765113,1
RQ2_Q75_minus_Q25_experienced_probability,tfidf_word,0.0033647969704145853,1
RQ2_Q75_minus_Q25_experienced_probability,tfidf_char,0.006061968139648211,1
RQ2_Q75_minus_Q25_experienced_probability,semantic_alltypes,0.0059615634292500275,1
RQ3_experienced_minus_no_experienced_Q75_difference_no_recurrence,semantic_primary,-0.1336519350756421,-1
RQ3_experienced_minus_no_experienced_Q75_difference_coauthor_continuity_only,semantic_primary,0.08657214366896662,1
RQ3_experienced_minus_no_experienced_Q75_difference_at_least_one_no_index_coauthor,semantic_primary,0.0470797914066764,1
RQ3_Q75_minus_Q25_difference_False_no_recurrence,semantic_primary,0.02164112634618831,1
RQ3_Q75_minus_Q25_difference_False_coauthor_continuity_only,semantic_primary,-0.0031424735102308365,-1
RQ3_Q75_minus_Q25_difference_False_at_least_one_no_index_coauthor,semantic_primary,-0.01849865283596011,-1
RQ3_Q75_minus_Q25_difference_True_no_recurrence,semantic_primary,-0.005146655397760713,-1
RQ3_Q75_minus_Q25_difference_True_coauthor_continuity_only,semantic_primary,0.01219625962550247,1
RQ3_Q75_minus_Q25_difference_True_at_least_one_no_index_coauthor,semantic_primary,-0.007049604227736456,-1
RQ3_experienced_minus_no_experienced_Q75_difference_no_recurrence,tfidf_word,-0.14216893403430297,-1
RQ3_experienced_minus_no_experienced_Q75_difference_coauthor_continuity_only,tfidf_word,0.09727720970490555,1
RQ3_experienced_minus_no_experienced_Q75_difference_at_least_one_no_index_coauthor,tfidf_word,0.04489172432941295,1
RQ3_Q75_minus_Q25_difference_False_no_recurrence,tfidf_word,0.007845120929272142,1
RQ3_Q75_minus_Q25_difference_False_coauthor_continuity_only,tfidf_word,-0.00047368263673447375,-1
RQ3_Q75_minus_Q25_difference_False_at_least_one_no_index_coauthor,tfidf_word,-0.0073714382925437055,-1
RQ3_Q75_minus_Q25_difference_True_no_recurrence,tfidf_word,-0.013591046138013874,-1
RQ3_Q75_minus_Q25_difference_True_coauthor_continuity_only,tfidf_word,0.017968254435411946,1
RQ3_Q75_minus_Q25_difference_True_at_least_one_no_index_coauthor,tfidf_word,-0.00437720829739599,-1
RQ3_experienced_minus_no_experienced_Q75_difference_no_recurrence,tfidf_char,-0.14060454199423944,-1
RQ3_experienced_minus_no_experienced_Q75_difference_coauthor_continuity_only,tfidf_char,0.09702080722671017,1
RQ3_experienced_minus_no_experienced_Q75_difference_at_least_one_no_index_coauthor,tfidf_char,0.04358373476753498,1
RQ3_Q75_minus_Q25_difference_False_no_recurrence,tfidf_char,0.004521720420779918,1
RQ3_Q75_minus_Q25_difference_False_coauthor_continuity_only,tfidf_char,0.003370218007273329,1
RQ3_Q75_minus_Q25_difference_False_at_least_one_no_index_coauthor,tfidf_char,-0.007891938428053233,-1
RQ3_Q75_minus_Q25_difference_True_no_recurrence,tfidf_char,-0.022214866273004175,-1
RQ3_Q75_minus_Q25_difference_True_coauthor_continuity_only,tfidf_char,0.02764485929547994,1
RQ3_Q75_minus_Q25_difference_True_at_least_one_no_index_coauthor,tfidf_char,-0.005429993022461804,-1
RQ3_experienced_minus_no_experienced_Q75_difference_no_recurrence,semantic_alltypes,-0.1324498253912213,-1
RQ3_experienced_minus_no_experienced_Q75_difference_coauthor_continuity_only,semantic_alltypes,0.08568248244420376,1
RQ3_experienced_minus_no_experienced_Q75_difference_at_least_one_no_index_coauthor,semantic_alltypes,0.046767342947014276,1
RQ3_Q75_minus_Q25_difference_False_no_recurrence,semantic_alltypes,0.019020342726061346,1
RQ3_Q75_minus_Q25_difference_False_coauthor_continuity_only,semantic_alltypes,-0.0010547747602304147,-1
RQ3_Q75_minus_Q25_difference_False_at_least_one_no_index_coauthor,semantic_alltypes,-0.017965567965828003,-1
RQ3_Q75_minus_Q25_difference_True_no_recurrence,semantic_alltypes,-0.004769737558984133,-1
RQ3_Q75_minus_Q25_difference_True_coauthor_continuity_only,semantic_alltypes,0.012337789566586543,1
RQ3_Q75_minus_Q25_difference_True_at_least_one_no_index_coauthor,semantic_alltypes,-0.00756805200760019,-1
