v05_main_table,content,frozen_source_path,note,package_source_path
1,analysis populations,deliverables/epj_data_science_submission_v01/tables/table_1_analysis_populations.csv,Original population definitions,tables/table_1_analysis_populations.csv
1,RQ3 intermediate sample flow,outputs/epjds_targeted_revision/methods/sample_flow_rq3.csv,6704 → 5207 → 5122,qa/sample_flow_rq3.csv
2,primary geographic endpoints,deliverables/epj_data_science_submission_v01/tables/table_2_geographic_endpoints.csv,Existing country-aggregate primary specification,tables/table_2_geographic_endpoints.csv
3(a-b),denominator-country worst-case bounds,deliverables/epj_data_science_submission_v01/additional_files/table_s10_denominator_missingness_bounds.csv,Strict first-position fractional denominator; both numerator counting rules,additional_files/table_s10_denominator_missingness_bounds.csv
3(c),restricted +/- delta denominator bounds,EPJDS_v06_assets/table_s10b_restricted_missingness_bounds.csv,Reconstructed from frozen CSV S10; delta=0 reproduces the observed change and delta=1 the frozen worst-case bound,additional_files/table_s10b_restricted_missingness_bounds.csv
4,annual title distance,deliverables/epj_data_science_submission_v01/tables/table_3_annual_distance.csv,Annual estimates unchanged,tables/table_3_annual_distance.csv
5(a–b),D1 and RQ3 focal contrasts,deliverables/epj_data_science_submission_v01/tables/table_4_focal_probability_contrasts.csv,Main contrasts unchanged,tables/table_4_focal_probability_contrasts.csv
5(c),RQ3 contrast differences,deliverables/epj_data_science_submission_v01/additional_files/table_s5_rq3_all_contrasts_and_sensitivities.csv,semantic_primary; difference_in_differences,additional_files/table_s5_rq3_all_contrasts_and_sensitivities.csv
6,minimum reporting bundle,deliverables/epj_data_science_submission_v01/tables/table_5_minimum_reporting_self_audit.csv,Source of reporting items; v05 updates textual table/specification references,tables/table_5_minimum_reporting_self_audit.csv
