dimension,level,entrants,distance_observed,primary_distance_coverage
index_year,2018,855,635,0.7426900584795322
index_year,2019,1120,848,0.7571428571428571
index_year,2020,1397,1075,0.7695060844667144
index_year,2021,1561,1236,0.791800128122998
index_year,2022,1771,1413,0.79785431959345
index_year,2023,2281,1845,0.8088557650153442
index_year,2024,3109,2587,0.8321003538115149
index_venue,Both,318,276,0.8679245283018868
index_venue,ICML,3442,2816,0.8181289947704823
index_venue,NeurIPS,8334,6547,0.7855771538276938
entry_with_experienced_top4_coauthor,False,1666,1319,0.7917166866746699
entry_with_experienced_top4_coauthor,True,10428,8320,0.7978519370924434
