primary_distance_observed,dimension,level,entrants,within_observation_group_share
False,index_year,2018,220,0.08961303462321792
False,index_year,2019,272,0.11079429735234216
False,index_year,2020,322,0.13116089613034623
False,index_year,2021,325,0.13238289205702647
False,index_year,2022,358,0.14582484725050918
False,index_year,2023,436,0.1775967413441955
False,index_year,2024,522,0.21262729124236251
True,index_year,2018,635,0.06587820313310509
True,index_year,2019,848,0.08797593111318601
True,index_year,2020,1075,0.11152609191824878
True,index_year,2021,1236,0.12822906940554
True,index_year,2022,1413,0.1465919701213819
True,index_year,2023,1845,0.19140989729225025
True,index_year,2024,2587,0.268388837016288
False,index_venue,Both,42,0.017107942973523423
False,index_venue,ICML,626,0.254989816700611
False,index_venue,NeurIPS,1787,0.7279022403258656
True,index_venue,Both,276,0.028633675692499222
True,index_venue,ICML,2816,0.2921464882249196
True,index_venue,NeurIPS,6547,0.6792198360825812
False,entry_with_experienced_top4_coauthor,False,347,0.14134419551934826
False,entry_with_experienced_top4_coauthor,True,2108,0.8586558044806517
True,entry_with_experienced_top4_coauthor,False,1319,0.13683992115364665
True,entry_with_experienced_top4_coauthor,True,8320,0.8631600788463534
