index_year,entry_with_experienced_top4_coauthor,entrants,person_record_coverage,unique_alias_coverage,primary_history_coverage,sensitivity_history_coverage,median_primary_prior_titles
2018,False,197,1.0,1.0,0.766497461928934,0.766497461928934,2.0
2018,True,658,1.0,1.0,0.7355623100303952,0.7370820668693009,2.0
2019,False,207,1.0,1.0,0.7439613526570048,0.7439613526570048,3.0
2019,True,913,1.0,1.0,0.76013143483023,0.7623220153340635,2.0
2020,False,229,1.0,1.0,0.7641921397379913,0.7641921397379913,3.0
2020,True,1168,1.0,1.0,0.7705479452054794,0.7705479452054794,3.0
2021,False,200,1.0,1.0,0.8,0.8,3.5
2021,True,1361,1.0,1.0,0.7905951506245408,0.7905951506245408,3.0
2022,False,240,1.0,1.0,0.8125,0.8166666666666667,4.0
2022,True,1531,1.0,1.0,0.7955584585238407,0.7955584585238407,3.0
2023,False,267,1.0,1.0,0.8239700374531835,0.8277153558052435,3.0
2023,True,2014,1.0,1.0,0.8068520357497517,0.8073485600794439,3.0
2024,False,326,1.0,1.0,0.8098159509202454,0.8098159509202454,3.5
2024,True,2783,1.0,1.0,0.8347107438016529,0.8347107438016529,4.0
