index_year,entry_with_experienced_top4_coauthor,entrants,distance_coverage,median_specter2_distance,q25_specter2_distance,q75_specter2_distance,median_prior_titles
2018,False,197,0.766497461928934,0.08823192119598389,0.055474430322647095,0.11577880382537842,2.0
2018,True,658,0.7355623100303952,0.09125003218650818,0.06845581531524658,0.11926612257957458,2.0
2019,False,207,0.7439613526570048,0.08561450242996216,0.06539970636367798,0.10809136927127838,3.0
2019,True,913,0.76013143483023,0.08952376246452332,0.0649414211511612,0.11291651427745819,2.0
2020,False,229,0.7641921397379913,0.088797926902771,0.06797537207603455,0.11636167764663696,3.0
2020,True,1168,0.7705479452054794,0.08738768100738525,0.06677353382110596,0.11198143661022186,2.0
2021,False,200,0.8,0.08667513728141785,0.06566523015499115,0.10785628855228424,3.0
2021,True,1361,0.7905951506245408,0.08429288864135742,0.06361962854862213,0.11003261804580688,2.0
2022,False,240,0.8125,0.08695274591445923,0.06657335162162781,0.10680806636810303,3.0
2022,True,1531,0.7955584585238407,0.0873175859451294,0.06525537371635437,0.11421665549278259,3.0
2023,False,267,0.8239700374531835,0.08648431301116943,0.06300729513168335,0.11222599446773529,3.0
2023,True,2014,0.8068520357497517,0.08942574262619019,0.0672805905342102,0.11496269702911377,3.0
2024,False,326,0.8098159509202454,0.08882442116737366,0.06531783938407898,0.11122298240661621,3.0
2024,True,2783,0.8347107438016529,0.08971422910690308,0.06797736883163452,0.11335539817810059,3.0
