index_year,index_venue,entry_with_experienced_top4_coauthor,entrants,median_team_size,mean_team_size,median_index_papers,mean_index_papers
2018,Both,True,20,3.0,3.2416666666666663,2.0,2.1
2018,ICML,False,61,3.0,2.860655737704918,1.0,1.0163934426229508
2018,ICML,True,219,3.0,3.808219178082192,1.0,1.0182648401826484
2018,NeurIPS,False,132,3.0,3.015151515151515,1.0,1.0227272727272727
2018,NeurIPS,True,419,4.0,4.077565632458234,1.0,1.0167064439140812
2019,Both,True,33,4.0,3.7525252525252526,2.0,2.0606060606060606
2019,ICML,False,54,3.0,2.759259259259259,1.0,1.0
2019,ICML,True,278,4.0,3.7715827338129495,1.0,1.014388489208633
2019,NeurIPS,False,149,3.0,3.0604026845637584,1.0,1.0
2019,NeurIPS,True,602,4.0,4.164451827242525,1.0,1.0199335548172757
2020,Both,True,36,4.0,4.041666666666667,2.0,2.0833333333333335
2020,ICML,False,76,3.0,2.9342105263157894,1.0,1.0
2020,ICML,True,351,4.0,4.0256410256410255,1.0,1.0227920227920229
2020,NeurIPS,False,152,3.0,3.1447368421052633,1.0,1.0
2020,NeurIPS,True,781,4.0,4.2093469910371315,1.0,1.025608194622279
2021,Both,True,50,4.0,4.2,2.0,2.12
2021,ICML,False,54,3.0,3.037037037037037,1.0,1.0
2021,ICML,True,375,4.0,4.149333333333334,1.0,1.0133333333333334
2021,NeurIPS,False,141,3.0,3.1631205673758864,1.0,1.0
2021,NeurIPS,True,936,4.0,4.438390313390313,1.0,1.0277777777777777
2022,Both,True,29,4.0,4.431034482758621,2.0,2.1379310344827585
2022,ICML,False,65,3.0,3.230769230769231,1.0,1.0153846153846153
2022,ICML,True,354,4.0,4.463276836158192,1.0,1.0225988700564972
2022,NeurIPS,False,173,3.0,3.277456647398844,1.0,1.0057803468208093
2022,NeurIPS,True,1148,4.0,4.914924506387921,1.0,1.0278745644599303
2023,Both,True,54,4.0,4.132716049382716,2.0,2.037037037037037
2023,ICML,False,89,3.0,3.157303370786517,1.0,1.0112359550561798
2023,ICML,True,547,4.0,4.484460694698354,1.0,1.0073126142595978
2023,NeurIPS,False,178,3.0,3.803370786516854,1.0,1.0
2023,NeurIPS,True,1413,5.0,5.268931351733899,1.0,1.0212314225053079
2024,Both,True,80,5.0,5.183333333333334,2.0,2.05
2024,ICML,False,104,3.0,3.298076923076923,1.0,1.0
2024,ICML,True,815,4.0,4.985480572597137,1.0,1.019631901840491
2024,NeurIPS,False,222,3.0,3.8085585585585586,1.0,1.009009009009009
2024,NeurIPS,True,1888,5.0,5.839689265536723,1.0,1.0206567796610169
