specification,distance_measure,distance_level,raw_distance,adjusted_experienced_coauthor_probability,ci_low,ci_high,interval,n
semantic_primary,specter2_title_distance_primary,Q25,0.0663543343544006,0.8707145424851228,0.8616356714574188,0.8780331577001917,HC3_coefficient_draw,9521
semantic_primary,specter2_title_distance_primary,Q75,0.113305389881134,0.8760327162778879,0.8680200201954424,0.8830953336866924,HC3_coefficient_draw,9521
tfidf_word,tfidf_word_title_distance_sensitivity,Q25,0.8927260746453204,0.8736124885894792,0.8663809667327197,0.8797295810136179,HC3_coefficient_draw,9521
tfidf_word,tfidf_word_title_distance_sensitivity,Q75,1.0,0.8769772855598937,0.8693443149896919,0.8836941036293019,HC3_coefficient_draw,9521
tfidf_char,tfidf_char_title_distance_sensitivity,Q25,0.7970767528272542,0.8721741025364311,0.8646578903120404,0.8783575382168138,HC3_coefficient_draw,9521
tfidf_char,tfidf_char_title_distance_sensitivity,Q75,0.9636777472888706,0.8782360706760793,0.8698688039398175,0.88529498032164,HC3_coefficient_draw,9521
semantic_alltypes,specter2_title_distance_alltypes_sensitivity,Q25,0.0663267970085144,0.8702354986015585,0.8617200373004754,0.8776470840052583,HC3_coefficient_draw,9527
semantic_alltypes,specter2_title_distance_alltypes_sensitivity,Q75,0.11324441432952881,0.8761970620308085,0.8679507819485951,0.8829808348586923,HC3_coefficient_draw,9527
semantic_team_overlap,specter2_title_distance_primary,Q25,0.06639337539672847,0.8698772210013029,0.8611694319723625,0.877215810852957,HC3_coefficient_draw,9432
semantic_team_overlap,specter2_title_distance_primary,Q75,0.1133313179016113,0.8751287523349076,0.8671574304266985,0.8819584851259398,HC3_coefficient_draw,9432
semantic_exclude_both,specter2_title_distance_primary,Q25,0.06714987754821775,0.8679783221525684,0.8597249894353716,0.8755704185877603,HC3_coefficient_draw,9248
semantic_exclude_both,specter2_title_distance_primary,Q75,0.11395733058452605,0.8741427846397241,0.8660609745566735,0.8812019888879338,HC3_coefficient_draw,9248
semantic_distance_spline,specter2_title_distance_primary,Q25,0.0663543343544006,0.8687406921732316,0.8577687036441354,0.8782162311191238,HC3_coefficient_draw,9521
semantic_distance_spline,specter2_title_distance_primary,Q75,0.113305389881134,0.8824568084123123,0.8721190950495339,0.8916807852571252,HC3_coefficient_draw,9521
