specification,distance_measure,return_outcome,distance_level,raw_distance,experienced_coauthor,pathway,adjusted_probability,ci_low,ci_high,interval,n
semantic_primary,specter2_title_distance_primary,exact_plus2_top4,Q25,0.06515200436115257,False,no_recurrence,0.6595886430196728,0.6164306597393414,0.7007283465829897,entrant_bootstrap,5122
semantic_primary,specter2_title_distance_primary,exact_plus2_top4,Q25,0.06515200436115257,False,coauthor_continuity_only,0.2104752641885714,0.1740946829870391,0.24815563028839624,entrant_bootstrap,5122
semantic_primary,specter2_title_distance_primary,exact_plus2_top4,Q25,0.06515200436115257,False,at_least_one_no_index_coauthor,0.1299360927917608,0.10070510577668207,0.15877151603744596,entrant_bootstrap,5122
semantic_primary,specter2_title_distance_primary,exact_plus2_top4,Q25,0.06515200436115257,True,no_recurrence,0.5527244896879797,0.5352616508398367,0.570905098887508,entrant_bootstrap,5122
semantic_primary,specter2_title_distance_primary,exact_plus2_top4,Q25,0.06515200436115257,True,coauthor_continuity_only,0.2817086747218047,0.2660483757248866,0.2959710529638724,entrant_bootstrap,5122
semantic_primary,specter2_title_distance_primary,exact_plus2_top4,Q25,0.06515200436115257,True,at_least_one_no_index_coauthor,0.16556683559021354,0.1526311186008377,0.17923850797833107,entrant_bootstrap,5122
semantic_primary,specter2_title_distance_primary,exact_plus2_top4,Q75,0.11293782293796535,False,no_recurrence,0.6812297693658611,0.6441376174594685,0.7192179965532057,entrant_bootstrap,5122
semantic_primary,specter2_title_distance_primary,exact_plus2_top4,Q75,0.11293782293796535,False,coauthor_continuity_only,0.20733279067834057,0.17601070892275833,0.24064285381826278,entrant_bootstrap,5122
semantic_primary,specter2_title_distance_primary,exact_plus2_top4,Q75,0.11293782293796535,False,at_least_one_no_index_coauthor,0.11143743995580069,0.0848863258920253,0.13705223259019722,entrant_bootstrap,5122
semantic_primary,specter2_title_distance_primary,exact_plus2_top4,Q75,0.11293782293796535,True,no_recurrence,0.547577834290219,0.5305019797506987,0.5648466587623289,entrant_bootstrap,5122
semantic_primary,specter2_title_distance_primary,exact_plus2_top4,Q75,0.11293782293796535,True,coauthor_continuity_only,0.2939049343473072,0.27814605546276167,0.30897637529468674,entrant_bootstrap,5122
semantic_primary,specter2_title_distance_primary,exact_plus2_top4,Q75,0.11293782293796535,True,at_least_one_no_index_coauthor,0.15851723136247708,0.14573541433842593,0.17204350592762216,entrant_bootstrap,5122
tfidf_word,tfidf_word_title_distance_sensitivity,exact_plus2_top4,Q25,0.8933808094382796,False,no_recurrence,0.671281258694882,,,not_computed_sensitivity,5122
tfidf_word,tfidf_word_title_distance_sensitivity,exact_plus2_top4,Q25,0.8933808094382796,False,coauthor_continuity_only,0.20829257165339116,,,not_computed_sensitivity,5122
tfidf_word,tfidf_word_title_distance_sensitivity,exact_plus2_top4,Q25,0.8933808094382796,False,at_least_one_no_index_coauthor,0.12042616965172573,,,not_computed_sensitivity,5122
tfidf_word,tfidf_word_title_distance_sensitivity,exact_plus2_top4,Q25,0.8933808094382796,True,no_recurrence,0.550548491727865,,,not_computed_sensitivity,5122
tfidf_word,tfidf_word_title_distance_sensitivity,exact_plus2_top4,Q25,0.8933808094382796,True,coauthor_continuity_only,0.2871278442861503,,,not_computed_sensitivity,5122
tfidf_word,tfidf_word_title_distance_sensitivity,exact_plus2_top4,Q25,0.8933808094382796,True,at_least_one_no_index_coauthor,0.16232366398599096,,,not_computed_sensitivity,5122
tfidf_word,tfidf_word_title_distance_sensitivity,exact_plus2_top4,Q75,1.0,False,no_recurrence,0.6791263796241541,,,not_computed_sensitivity,5122
tfidf_word,tfidf_word_title_distance_sensitivity,exact_plus2_top4,Q75,1.0,False,coauthor_continuity_only,0.20781888901665668,,,not_computed_sensitivity,5122
tfidf_word,tfidf_word_title_distance_sensitivity,exact_plus2_top4,Q75,1.0,False,at_least_one_no_index_coauthor,0.11305473135918202,,,not_computed_sensitivity,5122
tfidf_word,tfidf_word_title_distance_sensitivity,exact_plus2_top4,Q75,1.0,True,no_recurrence,0.5369574455898511,,,not_computed_sensitivity,5122
tfidf_word,tfidf_word_title_distance_sensitivity,exact_plus2_top4,Q75,1.0,True,coauthor_continuity_only,0.30509609872156224,,,not_computed_sensitivity,5122
tfidf_word,tfidf_word_title_distance_sensitivity,exact_plus2_top4,Q75,1.0,True,at_least_one_no_index_coauthor,0.15794645568859497,,,not_computed_sensitivity,5122
tfidf_char,tfidf_char_title_distance_sensitivity,exact_plus2_top4,Q25,0.7927272052005605,False,no_recurrence,0.6701599244867098,,,not_computed_sensitivity,5122
tfidf_char,tfidf_char_title_distance_sensitivity,exact_plus2_top4,Q25,0.7927272052005605,False,coauthor_continuity_only,0.20738942450133255,,,not_computed_sensitivity,5122
tfidf_char,tfidf_char_title_distance_sensitivity,exact_plus2_top4,Q25,0.7927272052005605,False,at_least_one_no_index_coauthor,0.12245065101195779,,,not_computed_sensitivity,5122
tfidf_char,tfidf_char_title_distance_sensitivity,exact_plus2_top4,Q25,0.7927272052005605,True,no_recurrence,0.5562919691862545,,,not_computed_sensitivity,5122
tfidf_char,tfidf_char_title_distance_sensitivity,exact_plus2_top4,Q25,0.7927272052005605,True,coauthor_continuity_only,0.2801355904398361,,,not_computed_sensitivity,5122
tfidf_char,tfidf_char_title_distance_sensitivity,exact_plus2_top4,Q25,0.7927272052005605,True,at_least_one_no_index_coauthor,0.16357244037390134,,,not_computed_sensitivity,5122
tfidf_char,tfidf_char_title_distance_sensitivity,exact_plus2_top4,Q75,0.966158077476869,False,no_recurrence,0.6746816449074897,,,not_computed_sensitivity,5122
tfidf_char,tfidf_char_title_distance_sensitivity,exact_plus2_top4,Q75,0.966158077476869,False,coauthor_continuity_only,0.21075964250860588,,,not_computed_sensitivity,5122
tfidf_char,tfidf_char_title_distance_sensitivity,exact_plus2_top4,Q75,0.966158077476869,False,at_least_one_no_index_coauthor,0.11455871258390456,,,not_computed_sensitivity,5122
tfidf_char,tfidf_char_title_distance_sensitivity,exact_plus2_top4,Q75,0.966158077476869,True,no_recurrence,0.5340771029132503,,,not_computed_sensitivity,5122
tfidf_char,tfidf_char_title_distance_sensitivity,exact_plus2_top4,Q75,0.966158077476869,True,coauthor_continuity_only,0.30778044973531604,,,not_computed_sensitivity,5122
tfidf_char,tfidf_char_title_distance_sensitivity,exact_plus2_top4,Q75,0.966158077476869,True,at_least_one_no_index_coauthor,0.15814244735143954,,,not_computed_sensitivity,5122
semantic_alltypes,specter2_title_distance_alltypes_sensitivity,exact_plus2_top4,Q25,0.0651258379220962,False,no_recurrence,0.6613200749633709,,,not_computed_sensitivity,5126
semantic_alltypes,specter2_title_distance_alltypes_sensitivity,exact_plus2_top4,Q25,0.0651258379220962,False,coauthor_continuity_only,0.2091194301127459,,,not_computed_sensitivity,5126
semantic_alltypes,specter2_title_distance_alltypes_sensitivity,exact_plus2_top4,Q25,0.0651258379220962,False,at_least_one_no_index_coauthor,0.12956049492388294,,,not_computed_sensitivity,5126
semantic_alltypes,specter2_title_distance_alltypes_sensitivity,exact_plus2_top4,Q25,0.0651258379220962,True,no_recurrence,0.552660329857195,,,not_computed_sensitivity,5126
semantic_alltypes,specter2_title_distance_alltypes_sensitivity,exact_plus2_top4,Q25,0.0651258379220962,True,coauthor_continuity_only,0.2814093482301327,,,not_computed_sensitivity,5126
semantic_alltypes,specter2_title_distance_alltypes_sensitivity,exact_plus2_top4,Q25,0.0651258379220962,True,at_least_one_no_index_coauthor,0.1659303219126694,,,not_computed_sensitivity,5126
semantic_alltypes,specter2_title_distance_alltypes_sensitivity,exact_plus2_top4,Q75,0.11285865306854245,False,no_recurrence,0.6803404176894322,,,not_computed_sensitivity,5126
semantic_alltypes,specter2_title_distance_alltypes_sensitivity,exact_plus2_top4,Q75,0.11285865306854245,False,coauthor_continuity_only,0.20806465535251548,,,not_computed_sensitivity,5126
semantic_alltypes,specter2_title_distance_alltypes_sensitivity,exact_plus2_top4,Q75,0.11285865306854245,False,at_least_one_no_index_coauthor,0.11159492695805494,,,not_computed_sensitivity,5126
semantic_alltypes,specter2_title_distance_alltypes_sensitivity,exact_plus2_top4,Q75,0.11285865306854245,True,no_recurrence,0.5478905922982109,,,not_computed_sensitivity,5126
semantic_alltypes,specter2_title_distance_alltypes_sensitivity,exact_plus2_top4,Q75,0.11285865306854245,True,coauthor_continuity_only,0.29374713779671924,,,not_computed_sensitivity,5126
semantic_alltypes,specter2_title_distance_alltypes_sensitivity,exact_plus2_top4,Q75,0.11285865306854245,True,at_least_one_no_index_coauthor,0.15836226990506921,,,not_computed_sensitivity,5126
semantic_exclude_aaai_return,specter2_title_distance_primary,exact_plus2_exclude_aaai,Q25,0.06515200436115257,False,no_recurrence,0.7088503441933455,,,not_computed_sensitivity,5122
semantic_exclude_aaai_return,specter2_title_distance_primary,exact_plus2_exclude_aaai,Q25,0.06515200436115257,False,coauthor_continuity_only,0.16933865010103785,,,not_computed_sensitivity,5122
semantic_exclude_aaai_return,specter2_title_distance_primary,exact_plus2_exclude_aaai,Q25,0.06515200436115257,False,at_least_one_no_index_coauthor,0.12181100570561527,,,not_computed_sensitivity,5122
semantic_exclude_aaai_return,specter2_title_distance_primary,exact_plus2_exclude_aaai,Q25,0.06515200436115257,True,no_recurrence,0.5864899871295011,,,not_computed_sensitivity,5122
semantic_exclude_aaai_return,specter2_title_distance_primary,exact_plus2_exclude_aaai,Q25,0.06515200436115257,True,coauthor_continuity_only,0.26195646733466904,,,not_computed_sensitivity,5122
semantic_exclude_aaai_return,specter2_title_distance_primary,exact_plus2_exclude_aaai,Q25,0.06515200436115257,True,at_least_one_no_index_coauthor,0.15155354553583045,,,not_computed_sensitivity,5122
semantic_exclude_aaai_return,specter2_title_distance_primary,exact_plus2_exclude_aaai,Q75,0.11293782293796535,False,no_recurrence,0.7244055592192272,,,not_computed_sensitivity,5122
semantic_exclude_aaai_return,specter2_title_distance_primary,exact_plus2_exclude_aaai,Q75,0.11293782293796535,False,coauthor_continuity_only,0.17449212549712217,,,not_computed_sensitivity,5122
semantic_exclude_aaai_return,specter2_title_distance_primary,exact_plus2_exclude_aaai,Q75,0.11293782293796535,False,at_least_one_no_index_coauthor,0.10110231528364441,,,not_computed_sensitivity,5122
semantic_exclude_aaai_return,specter2_title_distance_primary,exact_plus2_exclude_aaai,Q75,0.11293782293796535,True,no_recurrence,0.5835509967959569,,,not_computed_sensitivity,5122
semantic_exclude_aaai_return,specter2_title_distance_primary,exact_plus2_exclude_aaai,Q75,0.11293782293796535,True,coauthor_continuity_only,0.2720660112277011,,,not_computed_sensitivity,5122
semantic_exclude_aaai_return,specter2_title_distance_primary,exact_plus2_exclude_aaai,Q75,0.11293782293796535,True,at_least_one_no_index_coauthor,0.14438299197634252,,,not_computed_sensitivity,5122
semantic_icml_neurips_return,specter2_title_distance_primary,exact_plus2_icml_neurips,Q25,0.06515200436115257,False,no_recurrence,0.7628162208442286,,,not_computed_sensitivity,5122
semantic_icml_neurips_return,specter2_title_distance_primary,exact_plus2_icml_neurips,Q25,0.06515200436115257,False,coauthor_continuity_only,0.13190363736853786,,,not_computed_sensitivity,5122
semantic_icml_neurips_return,specter2_title_distance_primary,exact_plus2_icml_neurips,Q25,0.06515200436115257,False,at_least_one_no_index_coauthor,0.10528014178723202,,,not_computed_sensitivity,5122
semantic_icml_neurips_return,specter2_title_distance_primary,exact_plus2_icml_neurips,Q25,0.06515200436115257,True,no_recurrence,0.6422510903580895,,,not_computed_sensitivity,5122
semantic_icml_neurips_return,specter2_title_distance_primary,exact_plus2_icml_neurips,Q25,0.06515200436115257,True,coauthor_continuity_only,0.22322073053227726,,,not_computed_sensitivity,5122
semantic_icml_neurips_return,specter2_title_distance_primary,exact_plus2_icml_neurips,Q25,0.06515200436115257,True,at_least_one_no_index_coauthor,0.134528179109631,,,not_computed_sensitivity,5122
semantic_icml_neurips_return,specter2_title_distance_primary,exact_plus2_icml_neurips,Q75,0.11293782293796535,False,no_recurrence,0.7694333822023023,,,not_computed_sensitivity,5122
semantic_icml_neurips_return,specter2_title_distance_primary,exact_plus2_icml_neurips,Q75,0.11293782293796535,False,coauthor_continuity_only,0.14024479097887965,,,not_computed_sensitivity,5122
semantic_icml_neurips_return,specter2_title_distance_primary,exact_plus2_icml_neurips,Q75,0.11293782293796535,False,at_least_one_no_index_coauthor,0.09032182681882617,,,not_computed_sensitivity,5122
semantic_icml_neurips_return,specter2_title_distance_primary,exact_plus2_icml_neurips,Q75,0.11293782293796535,True,no_recurrence,0.6455045483514906,,,not_computed_sensitivity,5122
semantic_icml_neurips_return,specter2_title_distance_primary,exact_plus2_icml_neurips,Q75,0.11293782293796535,True,coauthor_continuity_only,0.23134035254914512,,,not_computed_sensitivity,5122
semantic_icml_neurips_return,specter2_title_distance_primary,exact_plus2_icml_neurips,Q75,0.11293782293796535,True,at_least_one_no_index_coauthor,0.12315509909936481,,,not_computed_sensitivity,5122
